session_id,view_id,target_count,targets,target_00_path,target_01_path,target_02_path,complete_00_01_02,teacher_D01,teacher_D12,teacher_D02
auto_capture_20260701_165437,0,3,00;01;02,auto_capture_20260701_165437/images/view_0000_target_00.tif,auto_capture_20260701_165437/images/view_0000_target_01.tif,auto_capture_20260701_165437/images/view_0000_target_02.tif,True,True,True,True
auto_capture_20260701_165437,1,3,00;01;02,auto_capture_20260701_165437/images/view_0001_target_00.tif,auto_capture_20260701_165437/images/view_0001_target_01.tif,auto_capture_20260701_165437/images/view_0001_target_02.tif,True,True,True,True
auto_capture_20260701_165437,2,3,00;01;02,auto_capture_20260701_165437/images/view_0002_target_00.tif,auto_capture_20260701_165437/images/view_0002_target_01.tif,auto_capture_20260701_165437/images/view_0002_target_02.tif,True,True,True,True
auto_capture_20260701_165437,3,3,00;01;02,auto_capture_20260701_165437/images/view_0003_target_00.tif,auto_capture_20260701_165437/images/view_0003_target_01.tif,auto_capture_20260701_165437/images/view_0003_target_02.tif,True,True,True,True
auto_capture_20260701_165437,4,3,00;01;02,auto_capture_20260701_165437/images/view_0004_target_00.tif,auto_capture_20260701_165437/images/view_0004_target_01.tif,auto_capture_20260701_165437/images/view_0004_target_02.tif,True,True,True,True
auto_capture_20260701_165437,5,3,00;01;02,auto_capture_20260701_165437/images/view_0005_target_00.tif,auto_capture_20260701_165437/images/view_0005_target_01.tif,auto_capture_20260701_165437/images/view_0005_target_02.tif,True,True,True,True
auto_capture_20260701_165437,6,3,00;01;02,auto_capture_20260701_165437/images/view_0006_target_00.tif,auto_capture_20260701_165437/images/view_0006_target_01.tif,auto_capture_20260701_165437/images/view_0006_target_02.tif,True,True,True,True
auto_capture_20260701_165437,7,3,00;01;02,auto_capture_20260701_165437/images/view_0007_target_00.tif,auto_capture_20260701_165437/images/view_0007_target_01.tif,auto_capture_20260701_165437/images/view_0007_target_02.tif,True,True,True,True
auto_capture_20260701_165437,8,3,00;01;02,auto_capture_20260701_165437/images/view_0008_target_00.tif,auto_capture_20260701_165437/images/view_0008_target_01.tif,auto_capture_20260701_165437/images/view_0008_target_02.tif,True,True,True,True
auto_capture_20260701_165437,9,3,00;01;02,auto_capture_20260701_165437/images/view_0009_target_00.tif,auto_capture_20260701_165437/images/view_0009_target_01.tif,auto_capture_20260701_165437/images/view_0009_target_02.tif,True,True,True,True
auto_capture_20260701_165437,10,3,00;01;02,auto_capture_20260701_165437/images/view_0010_target_00.tif,auto_capture_20260701_165437/images/view_0010_target_01.tif,auto_capture_20260701_165437/images/view_0010_target_02.tif,True,True,True,True
auto_capture_20260701_165437,11,3,00;01;02,auto_capture_20260701_165437/images/view_0011_target_00.tif,auto_capture_20260701_165437/images/view_0011_target_01.tif,auto_capture_20260701_165437/images/view_0011_target_02.tif,True,True,True,True
auto_capture_20260701_165437,12,3,00;01;02,auto_capture_20260701_165437/images/view_0012_target_00.tif,auto_capture_20260701_165437/images/view_0012_target_01.tif,auto_capture_20260701_165437/images/view_0012_target_02.tif,True,True,True,True
auto_capture_20260701_165437,13,3,00;01;02,auto_capture_20260701_165437/images/view_0013_target_00.tif,auto_capture_20260701_165437/images/view_0013_target_01.tif,auto_capture_20260701_165437/images/view_0013_target_02.tif,True,True,True,True
auto_capture_20260701_165437,14,3,00;01;02,auto_capture_20260701_165437/images/view_0014_target_00.tif,auto_capture_20260701_165437/images/view_0014_target_01.tif,auto_capture_20260701_165437/images/view_0014_target_02.tif,True,True,True,True
auto_capture_20260701_165437,15,3,00;01;02,auto_capture_20260701_165437/images/view_0015_target_00.tif,auto_capture_20260701_165437/images/view_0015_target_01.tif,auto_capture_20260701_165437/images/view_0015_target_02.tif,True,True,True,True
auto_capture_20260701_165437,16,3,00;01;02,auto_capture_20260701_165437/images/view_0016_target_00.tif,auto_capture_20260701_165437/images/view_0016_target_01.tif,auto_capture_20260701_165437/images/view_0016_target_02.tif,True,True,True,True
auto_capture_20260701_165437,17,3,00;01;02,auto_capture_20260701_165437/images/view_0017_target_00.tif,auto_capture_20260701_165437/images/view_0017_target_01.tif,auto_capture_20260701_165437/images/view_0017_target_02.tif,True,True,True,True
auto_capture_20260701_165437,18,3,00;01;02,auto_capture_20260701_165437/images/view_0018_target_00.tif,auto_capture_20260701_165437/images/view_0018_target_01.tif,auto_capture_20260701_165437/images/view_0018_target_02.tif,True,True,True,True
auto_capture_20260701_165437,19,3,00;01;02,auto_capture_20260701_165437/images/view_0019_target_00.tif,auto_capture_20260701_165437/images/view_0019_target_01.tif,auto_capture_20260701_165437/images/view_0019_target_02.tif,True,True,True,True
auto_capture_20260701_165437,20,3,00;01;02,auto_capture_20260701_165437/images/view_0020_target_00.tif,auto_capture_20260701_165437/images/view_0020_target_01.tif,auto_capture_20260701_165437/images/view_0020_target_02.tif,True,True,True,True
auto_capture_20260701_165437,21,3,00;01;02,auto_capture_20260701_165437/images/view_0021_target_00.tif,auto_capture_20260701_165437/images/view_0021_target_01.tif,auto_capture_20260701_165437/images/view_0021_target_02.tif,True,True,True,True
auto_capture_20260701_165437,22,3,00;01;02,auto_capture_20260701_165437/images/view_0022_target_00.tif,auto_capture_20260701_165437/images/view_0022_target_01.tif,auto_capture_20260701_165437/images/view_0022_target_02.tif,True,True,True,True
auto_capture_20260701_165437,23,3,00;01;02,auto_capture_20260701_165437/images/view_0023_target_00.tif,auto_capture_20260701_165437/images/view_0023_target_01.tif,auto_capture_20260701_165437/images/view_0023_target_02.tif,True,True,True,True
auto_capture_20260701_165437,24,3,00;01;02,auto_capture_20260701_165437/images/view_0024_target_00.tif,auto_capture_20260701_165437/images/view_0024_target_01.tif,auto_capture_20260701_165437/images/view_0024_target_02.tif,True,True,True,True
auto_capture_20260701_165437,25,3,00;01;02,auto_capture_20260701_165437/images/view_0025_target_00.tif,auto_capture_20260701_165437/images/view_0025_target_01.tif,auto_capture_20260701_165437/images/view_0025_target_02.tif,True,True,True,True
auto_capture_20260701_165437,26,3,00;01;02,auto_capture_20260701_165437/images/view_0026_target_00.tif,auto_capture_20260701_165437/images/view_0026_target_01.tif,auto_capture_20260701_165437/images/view_0026_target_02.tif,True,True,True,True
auto_capture_20260701_165437,27,3,00;01;02,auto_capture_20260701_165437/images/view_0027_target_00.tif,auto_capture_20260701_165437/images/view_0027_target_01.tif,auto_capture_20260701_165437/images/view_0027_target_02.tif,True,True,True,True
auto_capture_20260701_165437,28,3,00;01;02,auto_capture_20260701_165437/images/view_0028_target_00.tif,auto_capture_20260701_165437/images/view_0028_target_01.tif,auto_capture_20260701_165437/images/view_0028_target_02.tif,True,True,True,True
auto_capture_20260701_165437,29,3,00;01;02,auto_capture_20260701_165437/images/view_0029_target_00.tif,auto_capture_20260701_165437/images/view_0029_target_01.tif,auto_capture_20260701_165437/images/view_0029_target_02.tif,True,True,True,True
auto_capture_20260701_165437,30,3,00;01;02,auto_capture_20260701_165437/images/view_0030_target_00.tif,auto_capture_20260701_165437/images/view_0030_target_01.tif,auto_capture_20260701_165437/images/view_0030_target_02.tif,True,True,True,True
auto_capture_20260701_165437,31,3,00;01;02,auto_capture_20260701_165437/images/view_0031_target_00.tif,auto_capture_20260701_165437/images/view_0031_target_01.tif,auto_capture_20260701_165437/images/view_0031_target_02.tif,True,True,True,True
auto_capture_20260701_165437,32,3,00;01;02,auto_capture_20260701_165437/images/view_0032_target_00.tif,auto_capture_20260701_165437/images/view_0032_target_01.tif,auto_capture_20260701_165437/images/view_0032_target_02.tif,True,True,True,True
auto_capture_20260701_165437,33,3,00;01;02,auto_capture_20260701_165437/images/view_0033_target_00.tif,auto_capture_20260701_165437/images/view_0033_target_01.tif,auto_capture_20260701_165437/images/view_0033_target_02.tif,True,True,True,True
auto_capture_20260701_165437,34,3,00;01;02,auto_capture_20260701_165437/images/view_0034_target_00.tif,auto_capture_20260701_165437/images/view_0034_target_01.tif,auto_capture_20260701_165437/images/view_0034_target_02.tif,True,True,True,True
auto_capture_20260701_165437,35,3,00;01;02,auto_capture_20260701_165437/images/view_0035_target_00.tif,auto_capture_20260701_165437/images/view_0035_target_01.tif,auto_capture_20260701_165437/images/view_0035_target_02.tif,True,True,True,True
auto_capture_20260701_165437,36,3,00;01;02,auto_capture_20260701_165437/images/view_0036_target_00.tif,auto_capture_20260701_165437/images/view_0036_target_01.tif,auto_capture_20260701_165437/images/view_0036_target_02.tif,True,True,True,True
auto_capture_20260701_165437,37,3,00;01;02,auto_capture_20260701_165437/images/view_0037_target_00.tif,auto_capture_20260701_165437/images/view_0037_target_01.tif,auto_capture_20260701_165437/images/view_0037_target_02.tif,True,True,True,True
auto_capture_20260701_165437,38,3,00;01;02,auto_capture_20260701_165437/images/view_0038_target_00.tif,auto_capture_20260701_165437/images/view_0038_target_01.tif,auto_capture_20260701_165437/images/view_0038_target_02.tif,True,True,True,True
auto_capture_20260701_165437,39,3,00;01;02,auto_capture_20260701_165437/images/view_0039_target_00.tif,auto_capture_20260701_165437/images/view_0039_target_01.tif,auto_capture_20260701_165437/images/view_0039_target_02.tif,True,True,True,True
auto_capture_20260701_165437,40,3,00;01;02,auto_capture_20260701_165437/images/view_0040_target_00.tif,auto_capture_20260701_165437/images/view_0040_target_01.tif,auto_capture_20260701_165437/images/view_0040_target_02.tif,True,True,True,True
auto_capture_20260701_165437,41,3,00;01;02,auto_capture_20260701_165437/images/view_0041_target_00.tif,auto_capture_20260701_165437/images/view_0041_target_01.tif,auto_capture_20260701_165437/images/view_0041_target_02.tif,True,True,True,True
auto_capture_20260701_165437,42,3,00;01;02,auto_capture_20260701_165437/images/view_0042_target_00.tif,auto_capture_20260701_165437/images/view_0042_target_01.tif,auto_capture_20260701_165437/images/view_0042_target_02.tif,True,True,True,True
auto_capture_20260701_165437,43,3,00;01;02,auto_capture_20260701_165437/images/view_0043_target_00.tif,auto_capture_20260701_165437/images/view_0043_target_01.tif,auto_capture_20260701_165437/images/view_0043_target_02.tif,True,True,True,True
auto_capture_20260701_165437,44,3,00;01;02,auto_capture_20260701_165437/images/view_0044_target_00.tif,auto_capture_20260701_165437/images/view_0044_target_01.tif,auto_capture_20260701_165437/images/view_0044_target_02.tif,True,True,True,True
auto_capture_20260701_165437,45,3,00;01;02,auto_capture_20260701_165437/images/view_0045_target_00.tif,auto_capture_20260701_165437/images/view_0045_target_01.tif,auto_capture_20260701_165437/images/view_0045_target_02.tif,True,True,True,True
auto_capture_20260701_165437,46,3,00;01;02,auto_capture_20260701_165437/images/view_0046_target_00.tif,auto_capture_20260701_165437/images/view_0046_target_01.tif,auto_capture_20260701_165437/images/view_0046_target_02.tif,True,True,True,True
auto_capture_20260701_165437,47,3,00;01;02,auto_capture_20260701_165437/images/view_0047_target_00.tif,auto_capture_20260701_165437/images/view_0047_target_01.tif,auto_capture_20260701_165437/images/view_0047_target_02.tif,True,True,True,True
auto_capture_20260701_165437,48,3,00;01;02,auto_capture_20260701_165437/images/view_0048_target_00.tif,auto_capture_20260701_165437/images/view_0048_target_01.tif,auto_capture_20260701_165437/images/view_0048_target_02.tif,True,True,True,True
auto_capture_20260701_165437,49,3,00;01;02,auto_capture_20260701_165437/images/view_0049_target_00.tif,auto_capture_20260701_165437/images/view_0049_target_01.tif,auto_capture_20260701_165437/images/view_0049_target_02.tif,True,True,True,True
auto_capture_20260701_165437,50,3,00;01;02,auto_capture_20260701_165437/images/view_0050_target_00.tif,auto_capture_20260701_165437/images/view_0050_target_01.tif,auto_capture_20260701_165437/images/view_0050_target_02.tif,True,True,True,True
auto_capture_20260701_165437,51,3,00;01;02,auto_capture_20260701_165437/images/view_0051_target_00.tif,auto_capture_20260701_165437/images/view_0051_target_01.tif,auto_capture_20260701_165437/images/view_0051_target_02.tif,True,True,True,True
auto_capture_20260701_165437,52,3,00;01;02,auto_capture_20260701_165437/images/view_0052_target_00.tif,auto_capture_20260701_165437/images/view_0052_target_01.tif,auto_capture_20260701_165437/images/view_0052_target_02.tif,True,True,True,True
auto_capture_20260701_165437,53,3,00;01;02,auto_capture_20260701_165437/images/view_0053_target_00.tif,auto_capture_20260701_165437/images/view_0053_target_01.tif,auto_capture_20260701_165437/images/view_0053_target_02.tif,True,True,True,True
auto_capture_20260701_165437,54,3,00;01;02,auto_capture_20260701_165437/images/view_0054_target_00.tif,auto_capture_20260701_165437/images/view_0054_target_01.tif,auto_capture_20260701_165437/images/view_0054_target_02.tif,True,True,True,True
auto_capture_20260701_165437,55,3,00;01;02,auto_capture_20260701_165437/images/view_0055_target_00.tif,auto_capture_20260701_165437/images/view_0055_target_01.tif,auto_capture_20260701_165437/images/view_0055_target_02.tif,True,True,True,True
auto_capture_20260701_165437,56,3,00;01;02,auto_capture_20260701_165437/images/view_0056_target_00.tif,auto_capture_20260701_165437/images/view_0056_target_01.tif,auto_capture_20260701_165437/images/view_0056_target_02.tif,True,True,True,True
auto_capture_20260701_165437,57,3,00;01;02,auto_capture_20260701_165437/images/view_0057_target_00.tif,auto_capture_20260701_165437/images/view_0057_target_01.tif,auto_capture_20260701_165437/images/view_0057_target_02.tif,True,True,True,True
auto_capture_20260701_165437,58,3,00;01;02,auto_capture_20260701_165437/images/view_0058_target_00.tif,auto_capture_20260701_165437/images/view_0058_target_01.tif,auto_capture_20260701_165437/images/view_0058_target_02.tif,True,True,True,True
auto_capture_20260701_165437,59,3,00;01;02,auto_capture_20260701_165437/images/view_0059_target_00.tif,auto_capture_20260701_165437/images/view_0059_target_01.tif,auto_capture_20260701_165437/images/view_0059_target_02.tif,True,True,True,True
auto_capture_20260701_165437,60,3,00;01;02,auto_capture_20260701_165437/images/view_0060_target_00.tif,auto_capture_20260701_165437/images/view_0060_target_01.tif,auto_capture_20260701_165437/images/view_0060_target_02.tif,True,True,True,True
auto_capture_20260701_165437,61,3,00;01;02,auto_capture_20260701_165437/images/view_0061_target_00.tif,auto_capture_20260701_165437/images/view_0061_target_01.tif,auto_capture_20260701_165437/images/view_0061_target_02.tif,True,True,True,True
auto_capture_20260701_165437,62,3,00;01;02,auto_capture_20260701_165437/images/view_0062_target_00.tif,auto_capture_20260701_165437/images/view_0062_target_01.tif,auto_capture_20260701_165437/images/view_0062_target_02.tif,True,True,True,True
auto_capture_20260701_165437,63,3,00;01;02,auto_capture_20260701_165437/images/view_0063_target_00.tif,auto_capture_20260701_165437/images/view_0063_target_01.tif,auto_capture_20260701_165437/images/view_0063_target_02.tif,True,True,True,True
auto_capture_20260701_165437,64,3,00;01;02,auto_capture_20260701_165437/images/view_0064_target_00.tif,auto_capture_20260701_165437/images/view_0064_target_01.tif,auto_capture_20260701_165437/images/view_0064_target_02.tif,True,True,True,True
auto_capture_20260701_165437,65,3,00;01;02,auto_capture_20260701_165437/images/view_0065_target_00.tif,auto_capture_20260701_165437/images/view_0065_target_01.tif,auto_capture_20260701_165437/images/view_0065_target_02.tif,True,True,True,True
auto_capture_20260701_165437,66,3,00;01;02,auto_capture_20260701_165437/images/view_0066_target_00.tif,auto_capture_20260701_165437/images/view_0066_target_01.tif,auto_capture_20260701_165437/images/view_0066_target_02.tif,True,True,True,True
auto_capture_20260701_165437,67,3,00;01;02,auto_capture_20260701_165437/images/view_0067_target_00.tif,auto_capture_20260701_165437/images/view_0067_target_01.tif,auto_capture_20260701_165437/images/view_0067_target_02.tif,True,True,True,True
auto_capture_20260701_165437,68,3,00;01;02,auto_capture_20260701_165437/images/view_0068_target_00.tif,auto_capture_20260701_165437/images/view_0068_target_01.tif,auto_capture_20260701_165437/images/view_0068_target_02.tif,True,True,True,True
auto_capture_20260701_165437,69,3,00;01;02,auto_capture_20260701_165437/images/view_0069_target_00.tif,auto_capture_20260701_165437/images/view_0069_target_01.tif,auto_capture_20260701_165437/images/view_0069_target_02.tif,True,True,True,True
auto_capture_20260701_165437,70,3,00;01;02,auto_capture_20260701_165437/images/view_0070_target_00.tif,auto_capture_20260701_165437/images/view_0070_target_01.tif,auto_capture_20260701_165437/images/view_0070_target_02.tif,True,True,True,True
auto_capture_20260701_165437,71,3,00;01;02,auto_capture_20260701_165437/images/view_0071_target_00.tif,auto_capture_20260701_165437/images/view_0071_target_01.tif,auto_capture_20260701_165437/images/view_0071_target_02.tif,True,True,True,True
auto_capture_20260701_165437,72,3,00;01;02,auto_capture_20260701_165437/images/view_0072_target_00.tif,auto_capture_20260701_165437/images/view_0072_target_01.tif,auto_capture_20260701_165437/images/view_0072_target_02.tif,True,True,True,True
auto_capture_20260701_165437,73,3,00;01;02,auto_capture_20260701_165437/images/view_0073_target_00.tif,auto_capture_20260701_165437/images/view_0073_target_01.tif,auto_capture_20260701_165437/images/view_0073_target_02.tif,True,True,True,True
auto_capture_20260701_165437,74,3,00;01;02,auto_capture_20260701_165437/images/view_0074_target_00.tif,auto_capture_20260701_165437/images/view_0074_target_01.tif,auto_capture_20260701_165437/images/view_0074_target_02.tif,True,True,True,True
auto_capture_20260701_165437,75,3,00;01;02,auto_capture_20260701_165437/images/view_0075_target_00.tif,auto_capture_20260701_165437/images/view_0075_target_01.tif,auto_capture_20260701_165437/images/view_0075_target_02.tif,True,True,True,True
auto_capture_20260701_165437,76,3,00;01;02,auto_capture_20260701_165437/images/view_0076_target_00.tif,auto_capture_20260701_165437/images/view_0076_target_01.tif,auto_capture_20260701_165437/images/view_0076_target_02.tif,True,True,True,True
auto_capture_20260701_165437,77,3,00;01;02,auto_capture_20260701_165437/images/view_0077_target_00.tif,auto_capture_20260701_165437/images/view_0077_target_01.tif,auto_capture_20260701_165437/images/view_0077_target_02.tif,True,True,True,True
auto_capture_20260701_165437,78,3,00;01;02,auto_capture_20260701_165437/images/view_0078_target_00.tif,auto_capture_20260701_165437/images/view_0078_target_01.tif,auto_capture_20260701_165437/images/view_0078_target_02.tif,True,True,True,True
auto_capture_20260701_165437,79,3,00;01;02,auto_capture_20260701_165437/images/view_0079_target_00.tif,auto_capture_20260701_165437/images/view_0079_target_01.tif,auto_capture_20260701_165437/images/view_0079_target_02.tif,True,True,True,True
auto_capture_20260701_165437,80,3,00;01;02,auto_capture_20260701_165437/images/view_0080_target_00.tif,auto_capture_20260701_165437/images/view_0080_target_01.tif,auto_capture_20260701_165437/images/view_0080_target_02.tif,True,True,True,True
auto_capture_20260701_165437,81,3,00;01;02,auto_capture_20260701_165437/images/view_0081_target_00.tif,auto_capture_20260701_165437/images/view_0081_target_01.tif,auto_capture_20260701_165437/images/view_0081_target_02.tif,True,True,True,True
auto_capture_20260701_165437,82,3,00;01;02,auto_capture_20260701_165437/images/view_0082_target_00.tif,auto_capture_20260701_165437/images/view_0082_target_01.tif,auto_capture_20260701_165437/images/view_0082_target_02.tif,True,True,True,True
auto_capture_20260701_165437,83,3,00;01;02,auto_capture_20260701_165437/images/view_0083_target_00.tif,auto_capture_20260701_165437/images/view_0083_target_01.tif,auto_capture_20260701_165437/images/view_0083_target_02.tif,True,True,True,True
auto_capture_20260701_165437,84,3,00;01;02,auto_capture_20260701_165437/images/view_0084_target_00.tif,auto_capture_20260701_165437/images/view_0084_target_01.tif,auto_capture_20260701_165437/images/view_0084_target_02.tif,True,True,True,True
auto_capture_20260701_165437,85,3,00;01;02,auto_capture_20260701_165437/images/view_0085_target_00.tif,auto_capture_20260701_165437/images/view_0085_target_01.tif,auto_capture_20260701_165437/images/view_0085_target_02.tif,True,True,True,True
auto_capture_20260701_165437,86,3,00;01;02,auto_capture_20260701_165437/images/view_0086_target_00.tif,auto_capture_20260701_165437/images/view_0086_target_01.tif,auto_capture_20260701_165437/images/view_0086_target_02.tif,True,True,True,True
auto_capture_20260701_165437,87,3,00;01;02,auto_capture_20260701_165437/images/view_0087_target_00.tif,auto_capture_20260701_165437/images/view_0087_target_01.tif,auto_capture_20260701_165437/images/view_0087_target_02.tif,True,True,True,True
auto_capture_20260701_165437,88,3,00;01;02,auto_capture_20260701_165437/images/view_0088_target_00.tif,auto_capture_20260701_165437/images/view_0088_target_01.tif,auto_capture_20260701_165437/images/view_0088_target_02.tif,True,True,True,True
auto_capture_20260701_165437,89,3,00;01;02,auto_capture_20260701_165437/images/view_0089_target_00.tif,auto_capture_20260701_165437/images/view_0089_target_01.tif,auto_capture_20260701_165437/images/view_0089_target_02.tif,True,True,True,True
auto_capture_20260701_165437,90,3,00;01;02,auto_capture_20260701_165437/images/view_0090_target_00.tif,auto_capture_20260701_165437/images/view_0090_target_01.tif,auto_capture_20260701_165437/images/view_0090_target_02.tif,True,True,True,True
auto_capture_20260701_165437,91,3,00;01;02,auto_capture_20260701_165437/images/view_0091_target_00.tif,auto_capture_20260701_165437/images/view_0091_target_01.tif,auto_capture_20260701_165437/images/view_0091_target_02.tif,True,True,True,True
auto_capture_20260701_165437,92,3,00;01;02,auto_capture_20260701_165437/images/view_0092_target_00.tif,auto_capture_20260701_165437/images/view_0092_target_01.tif,auto_capture_20260701_165437/images/view_0092_target_02.tif,True,True,True,True
auto_capture_20260701_165437,93,3,00;01;02,auto_capture_20260701_165437/images/view_0093_target_00.tif,auto_capture_20260701_165437/images/view_0093_target_01.tif,auto_capture_20260701_165437/images/view_0093_target_02.tif,True,True,True,True
auto_capture_20260701_165437,94,3,00;01;02,auto_capture_20260701_165437/images/view_0094_target_00.tif,auto_capture_20260701_165437/images/view_0094_target_01.tif,auto_capture_20260701_165437/images/view_0094_target_02.tif,True,True,True,True
auto_capture_20260701_165437,95,3,00;01;02,auto_capture_20260701_165437/images/view_0095_target_00.tif,auto_capture_20260701_165437/images/view_0095_target_01.tif,auto_capture_20260701_165437/images/view_0095_target_02.tif,True,True,True,True
auto_capture_20260701_165437,96,3,00;01;02,auto_capture_20260701_165437/images/view_0096_target_00.tif,auto_capture_20260701_165437/images/view_0096_target_01.tif,auto_capture_20260701_165437/images/view_0096_target_02.tif,True,True,True,True
auto_capture_20260701_165437,97,3,00;01;02,auto_capture_20260701_165437/images/view_0097_target_00.tif,auto_capture_20260701_165437/images/view_0097_target_01.tif,auto_capture_20260701_165437/images/view_0097_target_02.tif,True,True,True,True
auto_capture_20260701_165437,98,3,00;01;02,auto_capture_20260701_165437/images/view_0098_target_00.tif,auto_capture_20260701_165437/images/view_0098_target_01.tif,auto_capture_20260701_165437/images/view_0098_target_02.tif,True,True,True,True
auto_capture_20260701_165437,99,3,00;01;02,auto_capture_20260701_165437/images/view_0099_target_00.tif,auto_capture_20260701_165437/images/view_0099_target_01.tif,auto_capture_20260701_165437/images/view_0099_target_02.tif,True,True,True,True
auto_capture_20260701_165437,100,3,00;01;02,auto_capture_20260701_165437/images/view_0100_target_00.tif,auto_capture_20260701_165437/images/view_0100_target_01.tif,auto_capture_20260701_165437/images/view_0100_target_02.tif,True,True,True,True
auto_capture_20260701_165437,101,3,00;01;02,auto_capture_20260701_165437/images/view_0101_target_00.tif,auto_capture_20260701_165437/images/view_0101_target_01.tif,auto_capture_20260701_165437/images/view_0101_target_02.tif,True,True,True,True
auto_capture_20260701_165437,102,3,00;01;02,auto_capture_20260701_165437/images/view_0102_target_00.tif,auto_capture_20260701_165437/images/view_0102_target_01.tif,auto_capture_20260701_165437/images/view_0102_target_02.tif,True,True,True,True
auto_capture_20260701_165437,103,3,00;01;02,auto_capture_20260701_165437/images/view_0103_target_00.tif,auto_capture_20260701_165437/images/view_0103_target_01.tif,auto_capture_20260701_165437/images/view_0103_target_02.tif,True,True,True,True
auto_capture_20260701_165437,104,3,00;01;02,auto_capture_20260701_165437/images/view_0104_target_00.tif,auto_capture_20260701_165437/images/view_0104_target_01.tif,auto_capture_20260701_165437/images/view_0104_target_02.tif,True,True,True,True
auto_capture_20260702_092708,0,3,00;01;02,auto_capture_20260702_092708/images/view_0000_target_00.tif,auto_capture_20260702_092708/images/view_0000_target_01.tif,auto_capture_20260702_092708/images/view_0000_target_02.tif,True,True,True,True
auto_capture_20260702_092708,1,3,00;01;02,auto_capture_20260702_092708/images/view_0001_target_00.tif,auto_capture_20260702_092708/images/view_0001_target_01.tif,auto_capture_20260702_092708/images/view_0001_target_02.tif,True,True,True,True
auto_capture_20260702_092708,2,3,00;01;02,auto_capture_20260702_092708/images/view_0002_target_00.tif,auto_capture_20260702_092708/images/view_0002_target_01.tif,auto_capture_20260702_092708/images/view_0002_target_02.tif,True,True,True,True
auto_capture_20260702_092708,3,3,00;01;02,auto_capture_20260702_092708/images/view_0003_target_00.tif,auto_capture_20260702_092708/images/view_0003_target_01.tif,auto_capture_20260702_092708/images/view_0003_target_02.tif,True,True,True,True
auto_capture_20260702_092708,4,3,00;01;02,auto_capture_20260702_092708/images/view_0004_target_00.tif,auto_capture_20260702_092708/images/view_0004_target_01.tif,auto_capture_20260702_092708/images/view_0004_target_02.tif,True,True,True,True
auto_capture_20260702_092708,5,3,00;01;02,auto_capture_20260702_092708/images/view_0005_target_00.tif,auto_capture_20260702_092708/images/view_0005_target_01.tif,auto_capture_20260702_092708/images/view_0005_target_02.tif,True,True,True,True
auto_capture_20260702_092708,6,3,00;01;02,auto_capture_20260702_092708/images/view_0006_target_00.tif,auto_capture_20260702_092708/images/view_0006_target_01.tif,auto_capture_20260702_092708/images/view_0006_target_02.tif,True,True,True,True
auto_capture_20260702_092708,7,3,00;01;02,auto_capture_20260702_092708/images/view_0007_target_00.tif,auto_capture_20260702_092708/images/view_0007_target_01.tif,auto_capture_20260702_092708/images/view_0007_target_02.tif,True,True,True,True
auto_capture_20260702_092708,8,3,00;01;02,auto_capture_20260702_092708/images/view_0008_target_00.tif,auto_capture_20260702_092708/images/view_0008_target_01.tif,auto_capture_20260702_092708/images/view_0008_target_02.tif,True,True,True,True
auto_capture_20260702_092708,9,3,00;01;02,auto_capture_20260702_092708/images/view_0009_target_00.tif,auto_capture_20260702_092708/images/view_0009_target_01.tif,auto_capture_20260702_092708/images/view_0009_target_02.tif,True,True,True,True
auto_capture_20260702_092708,10,3,00;01;02,auto_capture_20260702_092708/images/view_0010_target_00.tif,auto_capture_20260702_092708/images/view_0010_target_01.tif,auto_capture_20260702_092708/images/view_0010_target_02.tif,True,True,True,True
auto_capture_20260702_092708,11,3,00;01;02,auto_capture_20260702_092708/images/view_0011_target_00.tif,auto_capture_20260702_092708/images/view_0011_target_01.tif,auto_capture_20260702_092708/images/view_0011_target_02.tif,True,True,True,True
auto_capture_20260702_092708,12,3,00;01;02,auto_capture_20260702_092708/images/view_0012_target_00.tif,auto_capture_20260702_092708/images/view_0012_target_01.tif,auto_capture_20260702_092708/images/view_0012_target_02.tif,True,True,True,True
auto_capture_20260702_092708,13,3,00;01;02,auto_capture_20260702_092708/images/view_0013_target_00.tif,auto_capture_20260702_092708/images/view_0013_target_01.tif,auto_capture_20260702_092708/images/view_0013_target_02.tif,True,True,True,True
auto_capture_20260702_092708,14,3,00;01;02,auto_capture_20260702_092708/images/view_0014_target_00.tif,auto_capture_20260702_092708/images/view_0014_target_01.tif,auto_capture_20260702_092708/images/view_0014_target_02.tif,True,True,True,True
auto_capture_20260702_092708,15,3,00;01;02,auto_capture_20260702_092708/images/view_0015_target_00.tif,auto_capture_20260702_092708/images/view_0015_target_01.tif,auto_capture_20260702_092708/images/view_0015_target_02.tif,True,True,True,True
auto_capture_20260702_092708,16,3,00;01;02,auto_capture_20260702_092708/images/view_0016_target_00.tif,auto_capture_20260702_092708/images/view_0016_target_01.tif,auto_capture_20260702_092708/images/view_0016_target_02.tif,True,True,True,True
auto_capture_20260702_092708,17,3,00;01;02,auto_capture_20260702_092708/images/view_0017_target_00.tif,auto_capture_20260702_092708/images/view_0017_target_01.tif,auto_capture_20260702_092708/images/view_0017_target_02.tif,True,True,True,True
auto_capture_20260702_092708,18,3,00;01;02,auto_capture_20260702_092708/images/view_0018_target_00.tif,auto_capture_20260702_092708/images/view_0018_target_01.tif,auto_capture_20260702_092708/images/view_0018_target_02.tif,True,True,True,True
auto_capture_20260702_092708,19,3,00;01;02,auto_capture_20260702_092708/images/view_0019_target_00.tif,auto_capture_20260702_092708/images/view_0019_target_01.tif,auto_capture_20260702_092708/images/view_0019_target_02.tif,True,True,True,True
auto_capture_20260702_092708,20,3,00;01;02,auto_capture_20260702_092708/images/view_0020_target_00.tif,auto_capture_20260702_092708/images/view_0020_target_01.tif,auto_capture_20260702_092708/images/view_0020_target_02.tif,True,True,True,True
auto_capture_20260702_092708,21,3,00;01;02,auto_capture_20260702_092708/images/view_0021_target_00.tif,auto_capture_20260702_092708/images/view_0021_target_01.tif,auto_capture_20260702_092708/images/view_0021_target_02.tif,True,True,True,True
auto_capture_20260702_092708,22,3,00;01;02,auto_capture_20260702_092708/images/view_0022_target_00.tif,auto_capture_20260702_092708/images/view_0022_target_01.tif,auto_capture_20260702_092708/images/view_0022_target_02.tif,True,True,True,True
auto_capture_20260702_092708,23,3,00;01;02,auto_capture_20260702_092708/images/view_0023_target_00.tif,auto_capture_20260702_092708/images/view_0023_target_01.tif,auto_capture_20260702_092708/images/view_0023_target_02.tif,True,True,True,True
auto_capture_20260702_092708,24,3,00;01;02,auto_capture_20260702_092708/images/view_0024_target_00.tif,auto_capture_20260702_092708/images/view_0024_target_01.tif,auto_capture_20260702_092708/images/view_0024_target_02.tif,True,True,True,True
auto_capture_20260702_092708,25,3,00;01;02,auto_capture_20260702_092708/images/view_0025_target_00.tif,auto_capture_20260702_092708/images/view_0025_target_01.tif,auto_capture_20260702_092708/images/view_0025_target_02.tif,True,True,True,True
auto_capture_20260702_092708,26,3,00;01;02,auto_capture_20260702_092708/images/view_0026_target_00.tif,auto_capture_20260702_092708/images/view_0026_target_01.tif,auto_capture_20260702_092708/images/view_0026_target_02.tif,True,True,True,True
auto_capture_20260702_092708,27,3,00;01;02,auto_capture_20260702_092708/images/view_0027_target_00.tif,auto_capture_20260702_092708/images/view_0027_target_01.tif,auto_capture_20260702_092708/images/view_0027_target_02.tif,True,True,True,True
auto_capture_20260702_092708,28,3,00;01;02,auto_capture_20260702_092708/images/view_0028_target_00.tif,auto_capture_20260702_092708/images/view_0028_target_01.tif,auto_capture_20260702_092708/images/view_0028_target_02.tif,True,True,True,True
auto_capture_20260702_092708,29,3,00;01;02,auto_capture_20260702_092708/images/view_0029_target_00.tif,auto_capture_20260702_092708/images/view_0029_target_01.tif,auto_capture_20260702_092708/images/view_0029_target_02.tif,True,True,True,True
auto_capture_20260702_092708,30,3,00;01;02,auto_capture_20260702_092708/images/view_0030_target_00.tif,auto_capture_20260702_092708/images/view_0030_target_01.tif,auto_capture_20260702_092708/images/view_0030_target_02.tif,True,True,True,True
auto_capture_20260702_092708,31,3,00;01;02,auto_capture_20260702_092708/images/view_0031_target_00.tif,auto_capture_20260702_092708/images/view_0031_target_01.tif,auto_capture_20260702_092708/images/view_0031_target_02.tif,True,True,True,True
auto_capture_20260702_092708,32,3,00;01;02,auto_capture_20260702_092708/images/view_0032_target_00.tif,auto_capture_20260702_092708/images/view_0032_target_01.tif,auto_capture_20260702_092708/images/view_0032_target_02.tif,True,True,True,True
auto_capture_20260702_092708,33,3,00;01;02,auto_capture_20260702_092708/images/view_0033_target_00.tif,auto_capture_20260702_092708/images/view_0033_target_01.tif,auto_capture_20260702_092708/images/view_0033_target_02.tif,True,True,True,True
auto_capture_20260702_092708,34,3,00;01;02,auto_capture_20260702_092708/images/view_0034_target_00.tif,auto_capture_20260702_092708/images/view_0034_target_01.tif,auto_capture_20260702_092708/images/view_0034_target_02.tif,True,True,True,True
auto_capture_20260702_092708,35,3,00;01;02,auto_capture_20260702_092708/images/view_0035_target_00.tif,auto_capture_20260702_092708/images/view_0035_target_01.tif,auto_capture_20260702_092708/images/view_0035_target_02.tif,True,True,True,True
auto_capture_20260702_092708,36,3,00;01;02,auto_capture_20260702_092708/images/view_0036_target_00.tif,auto_capture_20260702_092708/images/view_0036_target_01.tif,auto_capture_20260702_092708/images/view_0036_target_02.tif,True,True,True,True
auto_capture_20260702_092708,37,3,00;01;02,auto_capture_20260702_092708/images/view_0037_target_00.tif,auto_capture_20260702_092708/images/view_0037_target_01.tif,auto_capture_20260702_092708/images/view_0037_target_02.tif,True,True,True,True
auto_capture_20260702_092708,38,3,00;01;02,auto_capture_20260702_092708/images/view_0038_target_00.tif,auto_capture_20260702_092708/images/view_0038_target_01.tif,auto_capture_20260702_092708/images/view_0038_target_02.tif,True,True,True,True
auto_capture_20260702_092708,39,3,00;01;02,auto_capture_20260702_092708/images/view_0039_target_00.tif,auto_capture_20260702_092708/images/view_0039_target_01.tif,auto_capture_20260702_092708/images/view_0039_target_02.tif,True,True,True,True
auto_capture_20260702_092708,40,3,00;01;02,auto_capture_20260702_092708/images/view_0040_target_00.tif,auto_capture_20260702_092708/images/view_0040_target_01.tif,auto_capture_20260702_092708/images/view_0040_target_02.tif,True,True,True,True
auto_capture_20260702_092708,41,3,00;01;02,auto_capture_20260702_092708/images/view_0041_target_00.tif,auto_capture_20260702_092708/images/view_0041_target_01.tif,auto_capture_20260702_092708/images/view_0041_target_02.tif,True,True,True,True
auto_capture_20260702_092708,42,3,00;01;02,auto_capture_20260702_092708/images/view_0042_target_00.tif,auto_capture_20260702_092708/images/view_0042_target_01.tif,auto_capture_20260702_092708/images/view_0042_target_02.tif,True,True,True,True
auto_capture_20260702_092708,43,3,00;01;02,auto_capture_20260702_092708/images/view_0043_target_00.tif,auto_capture_20260702_092708/images/view_0043_target_01.tif,auto_capture_20260702_092708/images/view_0043_target_02.tif,True,True,True,True
auto_capture_20260702_092708,44,3,00;01;02,auto_capture_20260702_092708/images/view_0044_target_00.tif,auto_capture_20260702_092708/images/view_0044_target_01.tif,auto_capture_20260702_092708/images/view_0044_target_02.tif,True,True,True,True
auto_capture_20260702_092708,45,3,00;01;02,auto_capture_20260702_092708/images/view_0045_target_00.tif,auto_capture_20260702_092708/images/view_0045_target_01.tif,auto_capture_20260702_092708/images/view_0045_target_02.tif,True,True,True,True
auto_capture_20260702_092708,46,3,00;01;02,auto_capture_20260702_092708/images/view_0046_target_00.tif,auto_capture_20260702_092708/images/view_0046_target_01.tif,auto_capture_20260702_092708/images/view_0046_target_02.tif,True,True,True,True
auto_capture_20260702_092708,47,3,00;01;02,auto_capture_20260702_092708/images/view_0047_target_00.tif,auto_capture_20260702_092708/images/view_0047_target_01.tif,auto_capture_20260702_092708/images/view_0047_target_02.tif,True,True,True,True
auto_capture_20260702_092708,48,3,00;01;02,auto_capture_20260702_092708/images/view_0048_target_00.tif,auto_capture_20260702_092708/images/view_0048_target_01.tif,auto_capture_20260702_092708/images/view_0048_target_02.tif,True,True,True,True
auto_capture_20260702_111834,0,3,00;01;02,auto_capture_20260702_111834/images/view_0000_target_00.tif,auto_capture_20260702_111834/images/view_0000_target_01.tif,auto_capture_20260702_111834/images/view_0000_target_02.tif,True,True,True,True
auto_capture_20260702_111834,1,3,00;01;02,auto_capture_20260702_111834/images/view_0001_target_00.tif,auto_capture_20260702_111834/images/view_0001_target_01.tif,auto_capture_20260702_111834/images/view_0001_target_02.tif,True,True,True,True
auto_capture_20260702_111834,2,3,00;01;02,auto_capture_20260702_111834/images/view_0002_target_00.tif,auto_capture_20260702_111834/images/view_0002_target_01.tif,auto_capture_20260702_111834/images/view_0002_target_02.tif,True,True,True,True
auto_capture_20260702_111834,3,3,00;01;02,auto_capture_20260702_111834/images/view_0003_target_00.tif,auto_capture_20260702_111834/images/view_0003_target_01.tif,auto_capture_20260702_111834/images/view_0003_target_02.tif,True,True,True,True
auto_capture_20260702_111834,4,3,00;01;02,auto_capture_20260702_111834/images/view_0004_target_00.tif,auto_capture_20260702_111834/images/view_0004_target_01.tif,auto_capture_20260702_111834/images/view_0004_target_02.tif,True,True,True,True
auto_capture_20260702_111834,5,3,00;01;02,auto_capture_20260702_111834/images/view_0005_target_00.tif,auto_capture_20260702_111834/images/view_0005_target_01.tif,auto_capture_20260702_111834/images/view_0005_target_02.tif,True,True,True,True
auto_capture_20260702_111834,6,3,00;01;02,auto_capture_20260702_111834/images/view_0006_target_00.tif,auto_capture_20260702_111834/images/view_0006_target_01.tif,auto_capture_20260702_111834/images/view_0006_target_02.tif,True,True,True,True
auto_capture_20260702_111834,7,3,00;01;02,auto_capture_20260702_111834/images/view_0007_target_00.tif,auto_capture_20260702_111834/images/view_0007_target_01.tif,auto_capture_20260702_111834/images/view_0007_target_02.tif,True,True,True,True
auto_capture_20260702_111834,8,3,00;01;02,auto_capture_20260702_111834/images/view_0008_target_00.tif,auto_capture_20260702_111834/images/view_0008_target_01.tif,auto_capture_20260702_111834/images/view_0008_target_02.tif,True,True,True,True
auto_capture_20260702_111834,9,3,00;01;02,auto_capture_20260702_111834/images/view_0009_target_00.tif,auto_capture_20260702_111834/images/view_0009_target_01.tif,auto_capture_20260702_111834/images/view_0009_target_02.tif,True,True,True,True
auto_capture_20260702_111834,10,3,00;01;02,auto_capture_20260702_111834/images/view_0010_target_00.tif,auto_capture_20260702_111834/images/view_0010_target_01.tif,auto_capture_20260702_111834/images/view_0010_target_02.tif,True,True,True,True
auto_capture_20260702_111834,11,3,00;01;02,auto_capture_20260702_111834/images/view_0011_target_00.tif,auto_capture_20260702_111834/images/view_0011_target_01.tif,auto_capture_20260702_111834/images/view_0011_target_02.tif,True,True,True,True
auto_capture_20260702_111834,12,3,00;01;02,auto_capture_20260702_111834/images/view_0012_target_00.tif,auto_capture_20260702_111834/images/view_0012_target_01.tif,auto_capture_20260702_111834/images/view_0012_target_02.tif,True,True,True,True
auto_capture_20260702_111834,13,3,00;01;02,auto_capture_20260702_111834/images/view_0013_target_00.tif,auto_capture_20260702_111834/images/view_0013_target_01.tif,auto_capture_20260702_111834/images/view_0013_target_02.tif,True,True,True,True
auto_capture_20260702_111834,14,3,00;01;02,auto_capture_20260702_111834/images/view_0014_target_00.tif,auto_capture_20260702_111834/images/view_0014_target_01.tif,auto_capture_20260702_111834/images/view_0014_target_02.tif,True,True,True,True
auto_capture_20260702_111834,15,3,00;01;02,auto_capture_20260702_111834/images/view_0015_target_00.tif,auto_capture_20260702_111834/images/view_0015_target_01.tif,auto_capture_20260702_111834/images/view_0015_target_02.tif,True,True,True,True
auto_capture_20260702_111834,16,3,00;01;02,auto_capture_20260702_111834/images/view_0016_target_00.tif,auto_capture_20260702_111834/images/view_0016_target_01.tif,auto_capture_20260702_111834/images/view_0016_target_02.tif,True,True,True,True
auto_capture_20260702_111834,17,3,00;01;02,auto_capture_20260702_111834/images/view_0017_target_00.tif,auto_capture_20260702_111834/images/view_0017_target_01.tif,auto_capture_20260702_111834/images/view_0017_target_02.tif,True,True,True,True
auto_capture_20260702_111834,18,3,00;01;02,auto_capture_20260702_111834/images/view_0018_target_00.tif,auto_capture_20260702_111834/images/view_0018_target_01.tif,auto_capture_20260702_111834/images/view_0018_target_02.tif,True,True,True,True
auto_capture_20260702_111834,19,3,00;01;02,auto_capture_20260702_111834/images/view_0019_target_00.tif,auto_capture_20260702_111834/images/view_0019_target_01.tif,auto_capture_20260702_111834/images/view_0019_target_02.tif,True,True,True,True
auto_capture_20260702_111834,20,3,00;01;02,auto_capture_20260702_111834/images/view_0020_target_00.tif,auto_capture_20260702_111834/images/view_0020_target_01.tif,auto_capture_20260702_111834/images/view_0020_target_02.tif,True,True,True,True
auto_capture_20260702_111834,21,3,00;01;02,auto_capture_20260702_111834/images/view_0021_target_00.tif,auto_capture_20260702_111834/images/view_0021_target_01.tif,auto_capture_20260702_111834/images/view_0021_target_02.tif,True,True,True,True
auto_capture_20260702_111834,22,3,00;01;02,auto_capture_20260702_111834/images/view_0022_target_00.tif,auto_capture_20260702_111834/images/view_0022_target_01.tif,auto_capture_20260702_111834/images/view_0022_target_02.tif,True,True,True,True
auto_capture_20260702_111834,23,3,00;01;02,auto_capture_20260702_111834/images/view_0023_target_00.tif,auto_capture_20260702_111834/images/view_0023_target_01.tif,auto_capture_20260702_111834/images/view_0023_target_02.tif,True,True,True,True
auto_capture_20260702_111834,24,3,00;01;02,auto_capture_20260702_111834/images/view_0024_target_00.tif,auto_capture_20260702_111834/images/view_0024_target_01.tif,auto_capture_20260702_111834/images/view_0024_target_02.tif,True,True,True,True
auto_capture_20260702_111834,25,3,00;01;02,auto_capture_20260702_111834/images/view_0025_target_00.tif,auto_capture_20260702_111834/images/view_0025_target_01.tif,auto_capture_20260702_111834/images/view_0025_target_02.tif,True,True,True,True
auto_capture_20260702_111834,26,3,00;01;02,auto_capture_20260702_111834/images/view_0026_target_00.tif,auto_capture_20260702_111834/images/view_0026_target_01.tif,auto_capture_20260702_111834/images/view_0026_target_02.tif,True,True,True,True
auto_capture_20260702_111834,27,3,00;01;02,auto_capture_20260702_111834/images/view_0027_target_00.tif,auto_capture_20260702_111834/images/view_0027_target_01.tif,auto_capture_20260702_111834/images/view_0027_target_02.tif,True,True,True,True
auto_capture_20260702_111834,28,3,00;01;02,auto_capture_20260702_111834/images/view_0028_target_00.tif,auto_capture_20260702_111834/images/view_0028_target_01.tif,auto_capture_20260702_111834/images/view_0028_target_02.tif,True,True,True,True
auto_capture_20260702_111834,29,3,00;01;02,auto_capture_20260702_111834/images/view_0029_target_00.tif,auto_capture_20260702_111834/images/view_0029_target_01.tif,auto_capture_20260702_111834/images/view_0029_target_02.tif,True,True,True,True
auto_capture_20260702_111834,30,3,00;01;02,auto_capture_20260702_111834/images/view_0030_target_00.tif,auto_capture_20260702_111834/images/view_0030_target_01.tif,auto_capture_20260702_111834/images/view_0030_target_02.tif,True,True,True,True
auto_capture_20260702_111834,31,3,00;01;02,auto_capture_20260702_111834/images/view_0031_target_00.tif,auto_capture_20260702_111834/images/view_0031_target_01.tif,auto_capture_20260702_111834/images/view_0031_target_02.tif,True,True,True,True
auto_capture_20260702_111834,32,3,00;01;02,auto_capture_20260702_111834/images/view_0032_target_00.tif,auto_capture_20260702_111834/images/view_0032_target_01.tif,auto_capture_20260702_111834/images/view_0032_target_02.tif,True,True,True,True
auto_capture_20260702_111834,33,3,00;01;02,auto_capture_20260702_111834/images/view_0033_target_00.tif,auto_capture_20260702_111834/images/view_0033_target_01.tif,auto_capture_20260702_111834/images/view_0033_target_02.tif,True,True,True,True
auto_capture_20260702_111834,34,3,00;01;02,auto_capture_20260702_111834/images/view_0034_target_00.tif,auto_capture_20260702_111834/images/view_0034_target_01.tif,auto_capture_20260702_111834/images/view_0034_target_02.tif,True,True,True,True
auto_capture_20260702_111834,35,3,00;01;02,auto_capture_20260702_111834/images/view_0035_target_00.tif,auto_capture_20260702_111834/images/view_0035_target_01.tif,auto_capture_20260702_111834/images/view_0035_target_02.tif,True,True,True,True
auto_capture_20260702_111834,36,3,00;01;02,auto_capture_20260702_111834/images/view_0036_target_00.tif,auto_capture_20260702_111834/images/view_0036_target_01.tif,auto_capture_20260702_111834/images/view_0036_target_02.tif,True,True,True,True
auto_capture_20260702_111834,37,3,00;01;02,auto_capture_20260702_111834/images/view_0037_target_00.tif,auto_capture_20260702_111834/images/view_0037_target_01.tif,auto_capture_20260702_111834/images/view_0037_target_02.tif,True,True,True,True
auto_capture_20260702_111834,38,3,00;01;02,auto_capture_20260702_111834/images/view_0038_target_00.tif,auto_capture_20260702_111834/images/view_0038_target_01.tif,auto_capture_20260702_111834/images/view_0038_target_02.tif,True,True,True,True
auto_capture_20260702_111834,39,3,00;01;02,auto_capture_20260702_111834/images/view_0039_target_00.tif,auto_capture_20260702_111834/images/view_0039_target_01.tif,auto_capture_20260702_111834/images/view_0039_target_02.tif,True,True,True,True
auto_capture_20260702_111834,40,3,00;01;02,auto_capture_20260702_111834/images/view_0040_target_00.tif,auto_capture_20260702_111834/images/view_0040_target_01.tif,auto_capture_20260702_111834/images/view_0040_target_02.tif,True,True,True,True
auto_capture_20260702_111834,41,3,00;01;02,auto_capture_20260702_111834/images/view_0041_target_00.tif,auto_capture_20260702_111834/images/view_0041_target_01.tif,auto_capture_20260702_111834/images/view_0041_target_02.tif,True,True,True,True
auto_capture_20260702_111834,42,3,00;01;02,auto_capture_20260702_111834/images/view_0042_target_00.tif,auto_capture_20260702_111834/images/view_0042_target_01.tif,auto_capture_20260702_111834/images/view_0042_target_02.tif,True,True,True,True
auto_capture_20260702_111834,43,3,00;01;02,auto_capture_20260702_111834/images/view_0043_target_00.tif,auto_capture_20260702_111834/images/view_0043_target_01.tif,auto_capture_20260702_111834/images/view_0043_target_02.tif,True,True,True,True
auto_capture_20260702_133311,0,3,00;01;02,auto_capture_20260702_133311/images/view_0000_target_00.tif,auto_capture_20260702_133311/images/view_0000_target_01.tif,auto_capture_20260702_133311/images/view_0000_target_02.tif,True,True,True,True
auto_capture_20260702_133311,1,3,00;01;02,auto_capture_20260702_133311/images/view_0001_target_00.tif,auto_capture_20260702_133311/images/view_0001_target_01.tif,auto_capture_20260702_133311/images/view_0001_target_02.tif,True,True,True,True
auto_capture_20260702_133311,2,3,00;01;02,auto_capture_20260702_133311/images/view_0002_target_00.tif,auto_capture_20260702_133311/images/view_0002_target_01.tif,auto_capture_20260702_133311/images/view_0002_target_02.tif,True,True,True,True
auto_capture_20260702_133311,3,3,00;01;02,auto_capture_20260702_133311/images/view_0003_target_00.tif,auto_capture_20260702_133311/images/view_0003_target_01.tif,auto_capture_20260702_133311/images/view_0003_target_02.tif,True,True,True,True
auto_capture_20260702_133311,4,3,00;01;02,auto_capture_20260702_133311/images/view_0004_target_00.tif,auto_capture_20260702_133311/images/view_0004_target_01.tif,auto_capture_20260702_133311/images/view_0004_target_02.tif,True,True,True,True
auto_capture_20260702_133311,5,3,00;01;02,auto_capture_20260702_133311/images/view_0005_target_00.tif,auto_capture_20260702_133311/images/view_0005_target_01.tif,auto_capture_20260702_133311/images/view_0005_target_02.tif,True,True,True,True
auto_capture_20260702_133311,6,3,00;01;02,auto_capture_20260702_133311/images/view_0006_target_00.tif,auto_capture_20260702_133311/images/view_0006_target_01.tif,auto_capture_20260702_133311/images/view_0006_target_02.tif,True,True,True,True
auto_capture_20260702_133311,7,3,00;01;02,auto_capture_20260702_133311/images/view_0007_target_00.tif,auto_capture_20260702_133311/images/view_0007_target_01.tif,auto_capture_20260702_133311/images/view_0007_target_02.tif,True,True,True,True
auto_capture_20260702_133311,8,3,00;01;02,auto_capture_20260702_133311/images/view_0008_target_00.tif,auto_capture_20260702_133311/images/view_0008_target_01.tif,auto_capture_20260702_133311/images/view_0008_target_02.tif,True,True,True,True
auto_capture_20260702_133311,9,3,00;01;02,auto_capture_20260702_133311/images/view_0009_target_00.tif,auto_capture_20260702_133311/images/view_0009_target_01.tif,auto_capture_20260702_133311/images/view_0009_target_02.tif,True,True,True,True
auto_capture_20260702_133311,10,3,00;01;02,auto_capture_20260702_133311/images/view_0010_target_00.tif,auto_capture_20260702_133311/images/view_0010_target_01.tif,auto_capture_20260702_133311/images/view_0010_target_02.tif,True,True,True,True
auto_capture_20260702_133311,11,3,00;01;02,auto_capture_20260702_133311/images/view_0011_target_00.tif,auto_capture_20260702_133311/images/view_0011_target_01.tif,auto_capture_20260702_133311/images/view_0011_target_02.tif,True,True,True,True
auto_capture_20260702_133311,12,3,00;01;02,auto_capture_20260702_133311/images/view_0012_target_00.tif,auto_capture_20260702_133311/images/view_0012_target_01.tif,auto_capture_20260702_133311/images/view_0012_target_02.tif,True,True,True,True
auto_capture_20260702_133311,13,3,00;01;02,auto_capture_20260702_133311/images/view_0013_target_00.tif,auto_capture_20260702_133311/images/view_0013_target_01.tif,auto_capture_20260702_133311/images/view_0013_target_02.tif,True,True,True,True
auto_capture_20260702_133311,14,3,00;01;02,auto_capture_20260702_133311/images/view_0014_target_00.tif,auto_capture_20260702_133311/images/view_0014_target_01.tif,auto_capture_20260702_133311/images/view_0014_target_02.tif,True,True,True,True
auto_capture_20260702_133311,15,3,00;01;02,auto_capture_20260702_133311/images/view_0015_target_00.tif,auto_capture_20260702_133311/images/view_0015_target_01.tif,auto_capture_20260702_133311/images/view_0015_target_02.tif,True,True,True,True
auto_capture_20260702_133311,16,3,00;01;02,auto_capture_20260702_133311/images/view_0016_target_00.tif,auto_capture_20260702_133311/images/view_0016_target_01.tif,auto_capture_20260702_133311/images/view_0016_target_02.tif,True,True,True,True
auto_capture_20260702_133311,17,3,00;01;02,auto_capture_20260702_133311/images/view_0017_target_00.tif,auto_capture_20260702_133311/images/view_0017_target_01.tif,auto_capture_20260702_133311/images/view_0017_target_02.tif,True,True,True,True
auto_capture_20260702_133311,18,3,00;01;02,auto_capture_20260702_133311/images/view_0018_target_00.tif,auto_capture_20260702_133311/images/view_0018_target_01.tif,auto_capture_20260702_133311/images/view_0018_target_02.tif,True,True,True,True
auto_capture_20260702_133311,19,3,00;01;02,auto_capture_20260702_133311/images/view_0019_target_00.tif,auto_capture_20260702_133311/images/view_0019_target_01.tif,auto_capture_20260702_133311/images/view_0019_target_02.tif,True,True,True,True
auto_capture_20260702_133311,20,3,00;01;02,auto_capture_20260702_133311/images/view_0020_target_00.tif,auto_capture_20260702_133311/images/view_0020_target_01.tif,auto_capture_20260702_133311/images/view_0020_target_02.tif,True,True,True,True
auto_capture_20260702_133311,21,3,00;01;02,auto_capture_20260702_133311/images/view_0021_target_00.tif,auto_capture_20260702_133311/images/view_0021_target_01.tif,auto_capture_20260702_133311/images/view_0021_target_02.tif,True,True,True,True
auto_capture_20260702_133311,22,3,00;01;02,auto_capture_20260702_133311/images/view_0022_target_00.tif,auto_capture_20260702_133311/images/view_0022_target_01.tif,auto_capture_20260702_133311/images/view_0022_target_02.tif,True,True,True,True
auto_capture_20260702_133311,23,3,00;01;02,auto_capture_20260702_133311/images/view_0023_target_00.tif,auto_capture_20260702_133311/images/view_0023_target_01.tif,auto_capture_20260702_133311/images/view_0023_target_02.tif,True,True,True,True
auto_capture_20260702_133311,24,3,00;01;02,auto_capture_20260702_133311/images/view_0024_target_00.tif,auto_capture_20260702_133311/images/view_0024_target_01.tif,auto_capture_20260702_133311/images/view_0024_target_02.tif,True,True,True,True
auto_capture_20260702_133311,25,3,00;01;02,auto_capture_20260702_133311/images/view_0025_target_00.tif,auto_capture_20260702_133311/images/view_0025_target_01.tif,auto_capture_20260702_133311/images/view_0025_target_02.tif,True,True,True,True
auto_capture_20260702_133311,26,3,00;01;02,auto_capture_20260702_133311/images/view_0026_target_00.tif,auto_capture_20260702_133311/images/view_0026_target_01.tif,auto_capture_20260702_133311/images/view_0026_target_02.tif,True,True,True,True
auto_capture_20260702_133311,27,3,00;01;02,auto_capture_20260702_133311/images/view_0027_target_00.tif,auto_capture_20260702_133311/images/view_0027_target_01.tif,auto_capture_20260702_133311/images/view_0027_target_02.tif,True,True,True,True
auto_capture_20260702_133311,28,3,00;01;02,auto_capture_20260702_133311/images/view_0028_target_00.tif,auto_capture_20260702_133311/images/view_0028_target_01.tif,auto_capture_20260702_133311/images/view_0028_target_02.tif,True,True,True,True
auto_capture_20260702_133311,29,3,00;01;02,auto_capture_20260702_133311/images/view_0029_target_00.tif,auto_capture_20260702_133311/images/view_0029_target_01.tif,auto_capture_20260702_133311/images/view_0029_target_02.tif,True,True,True,True
auto_capture_20260702_133311,30,3,00;01;02,auto_capture_20260702_133311/images/view_0030_target_00.tif,auto_capture_20260702_133311/images/view_0030_target_01.tif,auto_capture_20260702_133311/images/view_0030_target_02.tif,True,True,True,True
auto_capture_20260702_133311,31,3,00;01;02,auto_capture_20260702_133311/images/view_0031_target_00.tif,auto_capture_20260702_133311/images/view_0031_target_01.tif,auto_capture_20260702_133311/images/view_0031_target_02.tif,True,True,True,True
auto_capture_20260702_133311,32,3,00;01;02,auto_capture_20260702_133311/images/view_0032_target_00.tif,auto_capture_20260702_133311/images/view_0032_target_01.tif,auto_capture_20260702_133311/images/view_0032_target_02.tif,True,True,True,True
auto_capture_20260702_133311,33,3,00;01;02,auto_capture_20260702_133311/images/view_0033_target_00.tif,auto_capture_20260702_133311/images/view_0033_target_01.tif,auto_capture_20260702_133311/images/view_0033_target_02.tif,True,True,True,True
auto_capture_20260702_133311,34,3,00;01;02,auto_capture_20260702_133311/images/view_0034_target_00.tif,auto_capture_20260702_133311/images/view_0034_target_01.tif,auto_capture_20260702_133311/images/view_0034_target_02.tif,True,True,True,True
auto_capture_20260702_133311,35,3,00;01;02,auto_capture_20260702_133311/images/view_0035_target_00.tif,auto_capture_20260702_133311/images/view_0035_target_01.tif,auto_capture_20260702_133311/images/view_0035_target_02.tif,True,True,True,True
auto_capture_20260702_133311,36,3,00;01;02,auto_capture_20260702_133311/images/view_0036_target_00.tif,auto_capture_20260702_133311/images/view_0036_target_01.tif,auto_capture_20260702_133311/images/view_0036_target_02.tif,True,True,True,True
auto_capture_20260702_133311,37,3,00;01;02,auto_capture_20260702_133311/images/view_0037_target_00.tif,auto_capture_20260702_133311/images/view_0037_target_01.tif,auto_capture_20260702_133311/images/view_0037_target_02.tif,True,True,True,True
auto_capture_20260702_133311,38,3,00;01;02,auto_capture_20260702_133311/images/view_0038_target_00.tif,auto_capture_20260702_133311/images/view_0038_target_01.tif,auto_capture_20260702_133311/images/view_0038_target_02.tif,True,True,True,True
auto_capture_20260702_133311,39,3,00;01;02,auto_capture_20260702_133311/images/view_0039_target_00.tif,auto_capture_20260702_133311/images/view_0039_target_01.tif,auto_capture_20260702_133311/images/view_0039_target_02.tif,True,True,True,True
auto_capture_20260702_133311,40,3,00;01;02,auto_capture_20260702_133311/images/view_0040_target_00.tif,auto_capture_20260702_133311/images/view_0040_target_01.tif,auto_capture_20260702_133311/images/view_0040_target_02.tif,True,True,True,True
auto_capture_20260702_133311,41,3,00;01;02,auto_capture_20260702_133311/images/view_0041_target_00.tif,auto_capture_20260702_133311/images/view_0041_target_01.tif,auto_capture_20260702_133311/images/view_0041_target_02.tif,True,True,True,True
auto_capture_20260702_133311,42,3,00;01;02,auto_capture_20260702_133311/images/view_0042_target_00.tif,auto_capture_20260702_133311/images/view_0042_target_01.tif,auto_capture_20260702_133311/images/view_0042_target_02.tif,True,True,True,True
auto_capture_20260702_133311,43,3,00;01;02,auto_capture_20260702_133311/images/view_0043_target_00.tif,auto_capture_20260702_133311/images/view_0043_target_01.tif,auto_capture_20260702_133311/images/view_0043_target_02.tif,True,True,True,True
auto_capture_20260702_133311,44,3,00;01;02,auto_capture_20260702_133311/images/view_0044_target_00.tif,auto_capture_20260702_133311/images/view_0044_target_01.tif,auto_capture_20260702_133311/images/view_0044_target_02.tif,True,True,True,True
auto_capture_20260702_133311,45,3,00;01;02,auto_capture_20260702_133311/images/view_0045_target_00.tif,auto_capture_20260702_133311/images/view_0045_target_01.tif,auto_capture_20260702_133311/images/view_0045_target_02.tif,True,True,True,True
auto_capture_20260702_133311,46,3,00;01;02,auto_capture_20260702_133311/images/view_0046_target_00.tif,auto_capture_20260702_133311/images/view_0046_target_01.tif,auto_capture_20260702_133311/images/view_0046_target_02.tif,True,True,True,True
auto_capture_20260702_133311,47,3,00;01;02,auto_capture_20260702_133311/images/view_0047_target_00.tif,auto_capture_20260702_133311/images/view_0047_target_01.tif,auto_capture_20260702_133311/images/view_0047_target_02.tif,True,True,True,True
auto_capture_20260702_133311,48,3,00;01;02,auto_capture_20260702_133311/images/view_0048_target_00.tif,auto_capture_20260702_133311/images/view_0048_target_01.tif,auto_capture_20260702_133311/images/view_0048_target_02.tif,True,True,True,True
auto_capture_20260702_133311,49,3,00;01;02,auto_capture_20260702_133311/images/view_0049_target_00.tif,auto_capture_20260702_133311/images/view_0049_target_01.tif,auto_capture_20260702_133311/images/view_0049_target_02.tif,True,True,True,True
auto_capture_20260702_133311,50,3,00;01;02,auto_capture_20260702_133311/images/view_0050_target_00.tif,auto_capture_20260702_133311/images/view_0050_target_01.tif,auto_capture_20260702_133311/images/view_0050_target_02.tif,True,True,True,True
auto_capture_20260702_133311,51,3,00;01;02,auto_capture_20260702_133311/images/view_0051_target_00.tif,auto_capture_20260702_133311/images/view_0051_target_01.tif,auto_capture_20260702_133311/images/view_0051_target_02.tif,True,True,True,True
auto_capture_20260702_133311,52,3,00;01;02,auto_capture_20260702_133311/images/view_0052_target_00.tif,auto_capture_20260702_133311/images/view_0052_target_01.tif,auto_capture_20260702_133311/images/view_0052_target_02.tif,True,True,True,True
auto_capture_20260702_133311,53,3,00;01;02,auto_capture_20260702_133311/images/view_0053_target_00.tif,auto_capture_20260702_133311/images/view_0053_target_01.tif,auto_capture_20260702_133311/images/view_0053_target_02.tif,True,True,True,True
auto_capture_20260702_133311,54,3,00;01;02,auto_capture_20260702_133311/images/view_0054_target_00.tif,auto_capture_20260702_133311/images/view_0054_target_01.tif,auto_capture_20260702_133311/images/view_0054_target_02.tif,True,True,True,True
auto_capture_20260702_133311,55,3,00;01;02,auto_capture_20260702_133311/images/view_0055_target_00.tif,auto_capture_20260702_133311/images/view_0055_target_01.tif,auto_capture_20260702_133311/images/view_0055_target_02.tif,True,True,True,True
auto_capture_20260702_133311,56,3,00;01;02,auto_capture_20260702_133311/images/view_0056_target_00.tif,auto_capture_20260702_133311/images/view_0056_target_01.tif,auto_capture_20260702_133311/images/view_0056_target_02.tif,True,True,True,True
auto_capture_20260702_133311,57,3,00;01;02,auto_capture_20260702_133311/images/view_0057_target_00.tif,auto_capture_20260702_133311/images/view_0057_target_01.tif,auto_capture_20260702_133311/images/view_0057_target_02.tif,True,True,True,True
auto_capture_20260702_133311,58,3,00;01;02,auto_capture_20260702_133311/images/view_0058_target_00.tif,auto_capture_20260702_133311/images/view_0058_target_01.tif,auto_capture_20260702_133311/images/view_0058_target_02.tif,True,True,True,True
auto_capture_20260702_133311,59,3,00;01;02,auto_capture_20260702_133311/images/view_0059_target_00.tif,auto_capture_20260702_133311/images/view_0059_target_01.tif,auto_capture_20260702_133311/images/view_0059_target_02.tif,True,True,True,True
auto_capture_20260702_133311,60,3,00;01;02,auto_capture_20260702_133311/images/view_0060_target_00.tif,auto_capture_20260702_133311/images/view_0060_target_01.tif,auto_capture_20260702_133311/images/view_0060_target_02.tif,True,True,True,True
auto_capture_20260702_133311,61,3,00;01;02,auto_capture_20260702_133311/images/view_0061_target_00.tif,auto_capture_20260702_133311/images/view_0061_target_01.tif,auto_capture_20260702_133311/images/view_0061_target_02.tif,True,True,True,True
auto_capture_20260702_133311,62,3,00;01;02,auto_capture_20260702_133311/images/view_0062_target_00.tif,auto_capture_20260702_133311/images/view_0062_target_01.tif,auto_capture_20260702_133311/images/view_0062_target_02.tif,True,True,True,True
auto_capture_20260702_133311,63,3,00;01;02,auto_capture_20260702_133311/images/view_0063_target_00.tif,auto_capture_20260702_133311/images/view_0063_target_01.tif,auto_capture_20260702_133311/images/view_0063_target_02.tif,True,True,True,True
auto_capture_20260702_133311,64,3,00;01;02,auto_capture_20260702_133311/images/view_0064_target_00.tif,auto_capture_20260702_133311/images/view_0064_target_01.tif,auto_capture_20260702_133311/images/view_0064_target_02.tif,True,True,True,True
auto_capture_20260702_133311,65,3,00;01;02,auto_capture_20260702_133311/images/view_0065_target_00.tif,auto_capture_20260702_133311/images/view_0065_target_01.tif,auto_capture_20260702_133311/images/view_0065_target_02.tif,True,True,True,True
auto_capture_20260702_133311,66,3,00;01;02,auto_capture_20260702_133311/images/view_0066_target_00.tif,auto_capture_20260702_133311/images/view_0066_target_01.tif,auto_capture_20260702_133311/images/view_0066_target_02.tif,True,True,True,True
auto_capture_20260702_133311,67,3,00;01;02,auto_capture_20260702_133311/images/view_0067_target_00.tif,auto_capture_20260702_133311/images/view_0067_target_01.tif,auto_capture_20260702_133311/images/view_0067_target_02.tif,True,True,True,True
auto_capture_20260702_133311,68,3,00;01;02,auto_capture_20260702_133311/images/view_0068_target_00.tif,auto_capture_20260702_133311/images/view_0068_target_01.tif,auto_capture_20260702_133311/images/view_0068_target_02.tif,True,True,True,True
auto_capture_20260702_133311,69,3,00;01;02,auto_capture_20260702_133311/images/view_0069_target_00.tif,auto_capture_20260702_133311/images/view_0069_target_01.tif,auto_capture_20260702_133311/images/view_0069_target_02.tif,True,True,True,True
auto_capture_20260702_133311,70,3,00;01;02,auto_capture_20260702_133311/images/view_0070_target_00.tif,auto_capture_20260702_133311/images/view_0070_target_01.tif,auto_capture_20260702_133311/images/view_0070_target_02.tif,True,True,True,True
auto_capture_20260702_133311,71,3,00;01;02,auto_capture_20260702_133311/images/view_0071_target_00.tif,auto_capture_20260702_133311/images/view_0071_target_01.tif,auto_capture_20260702_133311/images/view_0071_target_02.tif,True,True,True,True
auto_capture_20260702_133311,72,3,00;01;02,auto_capture_20260702_133311/images/view_0072_target_00.tif,auto_capture_20260702_133311/images/view_0072_target_01.tif,auto_capture_20260702_133311/images/view_0072_target_02.tif,True,True,True,True
auto_capture_20260702_133311,73,3,00;01;02,auto_capture_20260702_133311/images/view_0073_target_00.tif,auto_capture_20260702_133311/images/view_0073_target_01.tif,auto_capture_20260702_133311/images/view_0073_target_02.tif,True,True,True,True
auto_capture_20260702_133311,74,3,00;01;02,auto_capture_20260702_133311/images/view_0074_target_00.tif,auto_capture_20260702_133311/images/view_0074_target_01.tif,auto_capture_20260702_133311/images/view_0074_target_02.tif,True,True,True,True
auto_capture_20260702_133311,75,3,00;01;02,auto_capture_20260702_133311/images/view_0075_target_00.tif,auto_capture_20260702_133311/images/view_0075_target_01.tif,auto_capture_20260702_133311/images/view_0075_target_02.tif,True,True,True,True
auto_capture_20260702_133311,76,3,00;01;02,auto_capture_20260702_133311/images/view_0076_target_00.tif,auto_capture_20260702_133311/images/view_0076_target_01.tif,auto_capture_20260702_133311/images/view_0076_target_02.tif,True,True,True,True
auto_capture_20260702_133311,77,3,00;01;02,auto_capture_20260702_133311/images/view_0077_target_00.tif,auto_capture_20260702_133311/images/view_0077_target_01.tif,auto_capture_20260702_133311/images/view_0077_target_02.tif,True,True,True,True
auto_capture_20260702_133311,78,3,00;01;02,auto_capture_20260702_133311/images/view_0078_target_00.tif,auto_capture_20260702_133311/images/view_0078_target_01.tif,auto_capture_20260702_133311/images/view_0078_target_02.tif,True,True,True,True
auto_capture_20260702_133311,79,3,00;01;02,auto_capture_20260702_133311/images/view_0079_target_00.tif,auto_capture_20260702_133311/images/view_0079_target_01.tif,auto_capture_20260702_133311/images/view_0079_target_02.tif,True,True,True,True
auto_capture_20260702_133311,80,3,00;01;02,auto_capture_20260702_133311/images/view_0080_target_00.tif,auto_capture_20260702_133311/images/view_0080_target_01.tif,auto_capture_20260702_133311/images/view_0080_target_02.tif,True,True,True,True
auto_capture_20260702_133311,81,3,00;01;02,auto_capture_20260702_133311/images/view_0081_target_00.tif,auto_capture_20260702_133311/images/view_0081_target_01.tif,auto_capture_20260702_133311/images/view_0081_target_02.tif,True,True,True,True
auto_capture_20260702_133311,82,3,00;01;02,auto_capture_20260702_133311/images/view_0082_target_00.tif,auto_capture_20260702_133311/images/view_0082_target_01.tif,auto_capture_20260702_133311/images/view_0082_target_02.tif,True,True,True,True
auto_capture_20260702_133311,83,3,00;01;02,auto_capture_20260702_133311/images/view_0083_target_00.tif,auto_capture_20260702_133311/images/view_0083_target_01.tif,auto_capture_20260702_133311/images/view_0083_target_02.tif,True,True,True,True
auto_capture_20260702_133311,84,3,00;01;02,auto_capture_20260702_133311/images/view_0084_target_00.tif,auto_capture_20260702_133311/images/view_0084_target_01.tif,auto_capture_20260702_133311/images/view_0084_target_02.tif,True,True,True,True
auto_capture_20260702_133311,85,3,00;01;02,auto_capture_20260702_133311/images/view_0085_target_00.tif,auto_capture_20260702_133311/images/view_0085_target_01.tif,auto_capture_20260702_133311/images/view_0085_target_02.tif,True,True,True,True
auto_capture_20260702_133311,86,3,00;01;02,auto_capture_20260702_133311/images/view_0086_target_00.tif,auto_capture_20260702_133311/images/view_0086_target_01.tif,auto_capture_20260702_133311/images/view_0086_target_02.tif,True,True,True,True
auto_capture_20260702_133311,87,3,00;01;02,auto_capture_20260702_133311/images/view_0087_target_00.tif,auto_capture_20260702_133311/images/view_0087_target_01.tif,auto_capture_20260702_133311/images/view_0087_target_02.tif,True,True,True,True
auto_capture_20260702_133311,88,3,00;01;02,auto_capture_20260702_133311/images/view_0088_target_00.tif,auto_capture_20260702_133311/images/view_0088_target_01.tif,auto_capture_20260702_133311/images/view_0088_target_02.tif,True,True,True,True
auto_capture_20260702_133311,89,3,00;01;02,auto_capture_20260702_133311/images/view_0089_target_00.tif,auto_capture_20260702_133311/images/view_0089_target_01.tif,auto_capture_20260702_133311/images/view_0089_target_02.tif,True,True,True,True
auto_capture_20260702_133311,90,3,00;01;02,auto_capture_20260702_133311/images/view_0090_target_00.tif,auto_capture_20260702_133311/images/view_0090_target_01.tif,auto_capture_20260702_133311/images/view_0090_target_02.tif,True,True,True,True
auto_capture_20260702_133311,91,3,00;01;02,auto_capture_20260702_133311/images/view_0091_target_00.tif,auto_capture_20260702_133311/images/view_0091_target_01.tif,auto_capture_20260702_133311/images/view_0091_target_02.tif,True,True,True,True
auto_capture_20260702_133311,92,3,00;01;02,auto_capture_20260702_133311/images/view_0092_target_00.tif,auto_capture_20260702_133311/images/view_0092_target_01.tif,auto_capture_20260702_133311/images/view_0092_target_02.tif,True,True,True,True
auto_capture_20260702_133311,93,3,00;01;02,auto_capture_20260702_133311/images/view_0093_target_00.tif,auto_capture_20260702_133311/images/view_0093_target_01.tif,auto_capture_20260702_133311/images/view_0093_target_02.tif,True,True,True,True
auto_capture_20260702_133311,94,3,00;01;02,auto_capture_20260702_133311/images/view_0094_target_00.tif,auto_capture_20260702_133311/images/view_0094_target_01.tif,auto_capture_20260702_133311/images/view_0094_target_02.tif,True,True,True,True
auto_capture_20260702_133311,95,3,00;01;02,auto_capture_20260702_133311/images/view_0095_target_00.tif,auto_capture_20260702_133311/images/view_0095_target_01.tif,auto_capture_20260702_133311/images/view_0095_target_02.tif,True,True,True,True
auto_capture_20260702_133311,96,3,00;01;02,auto_capture_20260702_133311/images/view_0096_target_00.tif,auto_capture_20260702_133311/images/view_0096_target_01.tif,auto_capture_20260702_133311/images/view_0096_target_02.tif,True,True,True,True
auto_capture_20260702_133311,97,3,00;01;02,auto_capture_20260702_133311/images/view_0097_target_00.tif,auto_capture_20260702_133311/images/view_0097_target_01.tif,auto_capture_20260702_133311/images/view_0097_target_02.tif,True,True,True,True
auto_capture_20260702_133311,98,3,00;01;02,auto_capture_20260702_133311/images/view_0098_target_00.tif,auto_capture_20260702_133311/images/view_0098_target_01.tif,auto_capture_20260702_133311/images/view_0098_target_02.tif,True,True,True,True
auto_capture_20260702_133311,99,3,00;01;02,auto_capture_20260702_133311/images/view_0099_target_00.tif,auto_capture_20260702_133311/images/view_0099_target_01.tif,auto_capture_20260702_133311/images/view_0099_target_02.tif,True,True,True,True
auto_capture_20260702_133311,100,3,00;01;02,auto_capture_20260702_133311/images/view_0100_target_00.tif,auto_capture_20260702_133311/images/view_0100_target_01.tif,auto_capture_20260702_133311/images/view_0100_target_02.tif,True,True,True,True
auto_capture_20260702_133311,101,3,00;01;02,auto_capture_20260702_133311/images/view_0101_target_00.tif,auto_capture_20260702_133311/images/view_0101_target_01.tif,auto_capture_20260702_133311/images/view_0101_target_02.tif,True,True,True,True
auto_capture_20260702_133311,102,3,00;01;02,auto_capture_20260702_133311/images/view_0102_target_00.tif,auto_capture_20260702_133311/images/view_0102_target_01.tif,auto_capture_20260702_133311/images/view_0102_target_02.tif,True,True,True,True
auto_capture_20260702_133311,103,3,00;01;02,auto_capture_20260702_133311/images/view_0103_target_00.tif,auto_capture_20260702_133311/images/view_0103_target_01.tif,auto_capture_20260702_133311/images/view_0103_target_02.tif,True,True,True,True
auto_capture_20260702_133311,104,3,00;01;02,auto_capture_20260702_133311/images/view_0104_target_00.tif,auto_capture_20260702_133311/images/view_0104_target_01.tif,auto_capture_20260702_133311/images/view_0104_target_02.tif,True,True,True,True
auto_capture_20260702_133311,105,3,00;01;02,auto_capture_20260702_133311/images/view_0105_target_00.tif,auto_capture_20260702_133311/images/view_0105_target_01.tif,auto_capture_20260702_133311/images/view_0105_target_02.tif,True,True,True,True
auto_capture_20260702_133311,106,3,00;01;02,auto_capture_20260702_133311/images/view_0106_target_00.tif,auto_capture_20260702_133311/images/view_0106_target_01.tif,auto_capture_20260702_133311/images/view_0106_target_02.tif,True,True,True,True
auto_capture_20260702_133311,107,3,00;01;02,auto_capture_20260702_133311/images/view_0107_target_00.tif,auto_capture_20260702_133311/images/view_0107_target_01.tif,auto_capture_20260702_133311/images/view_0107_target_02.tif,True,True,True,True
auto_capture_20260702_133311,108,3,00;01;02,auto_capture_20260702_133311/images/view_0108_target_00.tif,auto_capture_20260702_133311/images/view_0108_target_01.tif,auto_capture_20260702_133311/images/view_0108_target_02.tif,True,True,True,True
auto_capture_20260702_133311,109,3,00;01;02,auto_capture_20260702_133311/images/view_0109_target_00.tif,auto_capture_20260702_133311/images/view_0109_target_01.tif,auto_capture_20260702_133311/images/view_0109_target_02.tif,True,True,True,True
auto_capture_20260702_133311,110,3,00;01;02,auto_capture_20260702_133311/images/view_0110_target_00.tif,auto_capture_20260702_133311/images/view_0110_target_01.tif,auto_capture_20260702_133311/images/view_0110_target_02.tif,True,True,True,True
auto_capture_20260702_133311,111,3,00;01;02,auto_capture_20260702_133311/images/view_0111_target_00.tif,auto_capture_20260702_133311/images/view_0111_target_01.tif,auto_capture_20260702_133311/images/view_0111_target_02.tif,True,True,True,True
auto_capture_20260702_133311,112,3,00;01;02,auto_capture_20260702_133311/images/view_0112_target_00.tif,auto_capture_20260702_133311/images/view_0112_target_01.tif,auto_capture_20260702_133311/images/view_0112_target_02.tif,True,True,True,True
auto_capture_20260702_133311,113,3,00;01;02,auto_capture_20260702_133311/images/view_0113_target_00.tif,auto_capture_20260702_133311/images/view_0113_target_01.tif,auto_capture_20260702_133311/images/view_0113_target_02.tif,True,True,True,True
auto_capture_20260702_133311,114,3,00;01;02,auto_capture_20260702_133311/images/view_0114_target_00.tif,auto_capture_20260702_133311/images/view_0114_target_01.tif,auto_capture_20260702_133311/images/view_0114_target_02.tif,True,True,True,True
auto_capture_20260702_133311,115,3,00;01;02,auto_capture_20260702_133311/images/view_0115_target_00.tif,auto_capture_20260702_133311/images/view_0115_target_01.tif,auto_capture_20260702_133311/images/view_0115_target_02.tif,True,True,True,True
auto_capture_20260702_133311,116,3,00;01;02,auto_capture_20260702_133311/images/view_0116_target_00.tif,auto_capture_20260702_133311/images/view_0116_target_01.tif,auto_capture_20260702_133311/images/view_0116_target_02.tif,True,True,True,True
auto_capture_20260702_133311,117,3,00;01;02,auto_capture_20260702_133311/images/view_0117_target_00.tif,auto_capture_20260702_133311/images/view_0117_target_01.tif,auto_capture_20260702_133311/images/view_0117_target_02.tif,True,True,True,True
auto_capture_20260702_133311,118,3,00;01;02,auto_capture_20260702_133311/images/view_0118_target_00.tif,auto_capture_20260702_133311/images/view_0118_target_01.tif,auto_capture_20260702_133311/images/view_0118_target_02.tif,True,True,True,True
auto_capture_20260702_133311,119,3,00;01;02,auto_capture_20260702_133311/images/view_0119_target_00.tif,auto_capture_20260702_133311/images/view_0119_target_01.tif,auto_capture_20260702_133311/images/view_0119_target_02.tif,True,True,True,True
auto_capture_20260702_133311,120,3,00;01;02,auto_capture_20260702_133311/images/view_0120_target_00.tif,auto_capture_20260702_133311/images/view_0120_target_01.tif,auto_capture_20260702_133311/images/view_0120_target_02.tif,True,True,True,True
auto_capture_20260702_133311,121,3,00;01;02,auto_capture_20260702_133311/images/view_0121_target_00.tif,auto_capture_20260702_133311/images/view_0121_target_01.tif,auto_capture_20260702_133311/images/view_0121_target_02.tif,True,True,True,True
auto_capture_20260702_133311,122,3,00;01;02,auto_capture_20260702_133311/images/view_0122_target_00.tif,auto_capture_20260702_133311/images/view_0122_target_01.tif,auto_capture_20260702_133311/images/view_0122_target_02.tif,True,True,True,True
auto_capture_20260702_133311,123,3,00;01;02,auto_capture_20260702_133311/images/view_0123_target_00.tif,auto_capture_20260702_133311/images/view_0123_target_01.tif,auto_capture_20260702_133311/images/view_0123_target_02.tif,True,True,True,True
auto_capture_20260702_133311,124,3,00;01;02,auto_capture_20260702_133311/images/view_0124_target_00.tif,auto_capture_20260702_133311/images/view_0124_target_01.tif,auto_capture_20260702_133311/images/view_0124_target_02.tif,True,True,True,True
auto_capture_20260702_133311,125,3,00;01;02,auto_capture_20260702_133311/images/view_0125_target_00.tif,auto_capture_20260702_133311/images/view_0125_target_01.tif,auto_capture_20260702_133311/images/view_0125_target_02.tif,True,True,True,True
auto_capture_20260702_133311,126,3,00;01;02,auto_capture_20260702_133311/images/view_0126_target_00.tif,auto_capture_20260702_133311/images/view_0126_target_01.tif,auto_capture_20260702_133311/images/view_0126_target_02.tif,True,True,True,True
auto_capture_20260702_133311,127,3,00;01;02,auto_capture_20260702_133311/images/view_0127_target_00.tif,auto_capture_20260702_133311/images/view_0127_target_01.tif,auto_capture_20260702_133311/images/view_0127_target_02.tif,True,True,True,True
auto_capture_20260702_133311,128,3,00;01;02,auto_capture_20260702_133311/images/view_0128_target_00.tif,auto_capture_20260702_133311/images/view_0128_target_01.tif,auto_capture_20260702_133311/images/view_0128_target_02.tif,True,True,True,True
auto_capture_20260702_133311,129,3,00;01;02,auto_capture_20260702_133311/images/view_0129_target_00.tif,auto_capture_20260702_133311/images/view_0129_target_01.tif,auto_capture_20260702_133311/images/view_0129_target_02.tif,True,True,True,True
auto_capture_20260702_133311,130,3,00;01;02,auto_capture_20260702_133311/images/view_0130_target_00.tif,auto_capture_20260702_133311/images/view_0130_target_01.tif,auto_capture_20260702_133311/images/view_0130_target_02.tif,True,True,True,True
auto_capture_20260702_133311,131,3,00;01;02,auto_capture_20260702_133311/images/view_0131_target_00.tif,auto_capture_20260702_133311/images/view_0131_target_01.tif,auto_capture_20260702_133311/images/view_0131_target_02.tif,True,True,True,True
auto_capture_20260702_133311,132,3,00;01;02,auto_capture_20260702_133311/images/view_0132_target_00.tif,auto_capture_20260702_133311/images/view_0132_target_01.tif,auto_capture_20260702_133311/images/view_0132_target_02.tif,True,True,True,True
auto_capture_20260702_133311,133,3,00;01;02,auto_capture_20260702_133311/images/view_0133_target_00.tif,auto_capture_20260702_133311/images/view_0133_target_01.tif,auto_capture_20260702_133311/images/view_0133_target_02.tif,True,True,True,True
auto_capture_20260702_133311,134,3,00;01;02,auto_capture_20260702_133311/images/view_0134_target_00.tif,auto_capture_20260702_133311/images/view_0134_target_01.tif,auto_capture_20260702_133311/images/view_0134_target_02.tif,True,True,True,True
auto_capture_20260702_133311,135,3,00;01;02,auto_capture_20260702_133311/images/view_0135_target_00.tif,auto_capture_20260702_133311/images/view_0135_target_01.tif,auto_capture_20260702_133311/images/view_0135_target_02.tif,True,True,True,True
auto_capture_20260702_133311,136,3,00;01;02,auto_capture_20260702_133311/images/view_0136_target_00.tif,auto_capture_20260702_133311/images/view_0136_target_01.tif,auto_capture_20260702_133311/images/view_0136_target_02.tif,True,True,True,True
auto_capture_20260702_133311,137,3,00;01;02,auto_capture_20260702_133311/images/view_0137_target_00.tif,auto_capture_20260702_133311/images/view_0137_target_01.tif,auto_capture_20260702_133311/images/view_0137_target_02.tif,True,True,True,True
auto_capture_20260702_133311,138,3,00;01;02,auto_capture_20260702_133311/images/view_0138_target_00.tif,auto_capture_20260702_133311/images/view_0138_target_01.tif,auto_capture_20260702_133311/images/view_0138_target_02.tif,True,True,True,True
auto_capture_20260702_133311,139,3,00;01;02,auto_capture_20260702_133311/images/view_0139_target_00.tif,auto_capture_20260702_133311/images/view_0139_target_01.tif,auto_capture_20260702_133311/images/view_0139_target_02.tif,True,True,True,True
auto_capture_20260702_133311,140,3,00;01;02,auto_capture_20260702_133311/images/view_0140_target_00.tif,auto_capture_20260702_133311/images/view_0140_target_01.tif,auto_capture_20260702_133311/images/view_0140_target_02.tif,True,True,True,True
auto_capture_20260702_133311,141,3,00;01;02,auto_capture_20260702_133311/images/view_0141_target_00.tif,auto_capture_20260702_133311/images/view_0141_target_01.tif,auto_capture_20260702_133311/images/view_0141_target_02.tif,True,True,True,True
auto_capture_20260702_133311,142,3,00;01;02,auto_capture_20260702_133311/images/view_0142_target_00.tif,auto_capture_20260702_133311/images/view_0142_target_01.tif,auto_capture_20260702_133311/images/view_0142_target_02.tif,True,True,True,True
auto_capture_20260702_133311,143,3,00;01;02,auto_capture_20260702_133311/images/view_0143_target_00.tif,auto_capture_20260702_133311/images/view_0143_target_01.tif,auto_capture_20260702_133311/images/view_0143_target_02.tif,True,True,True,True
auto_capture_20260702_133311,144,3,00;01;02,auto_capture_20260702_133311/images/view_0144_target_00.tif,auto_capture_20260702_133311/images/view_0144_target_01.tif,auto_capture_20260702_133311/images/view_0144_target_02.tif,True,True,True,True
auto_capture_20260702_133311,145,3,00;01;02,auto_capture_20260702_133311/images/view_0145_target_00.tif,auto_capture_20260702_133311/images/view_0145_target_01.tif,auto_capture_20260702_133311/images/view_0145_target_02.tif,True,True,True,True
auto_capture_20260702_133311,146,3,00;01;02,auto_capture_20260702_133311/images/view_0146_target_00.tif,auto_capture_20260702_133311/images/view_0146_target_01.tif,auto_capture_20260702_133311/images/view_0146_target_02.tif,True,True,True,True
auto_capture_20260702_133311,147,3,00;01;02,auto_capture_20260702_133311/images/view_0147_target_00.tif,auto_capture_20260702_133311/images/view_0147_target_01.tif,auto_capture_20260702_133311/images/view_0147_target_02.tif,True,True,True,True
auto_capture_20260702_133311,148,3,00;01;02,auto_capture_20260702_133311/images/view_0148_target_00.tif,auto_capture_20260702_133311/images/view_0148_target_01.tif,auto_capture_20260702_133311/images/view_0148_target_02.tif,True,True,True,True
auto_capture_20260702_133311,149,3,00;01;02,auto_capture_20260702_133311/images/view_0149_target_00.tif,auto_capture_20260702_133311/images/view_0149_target_01.tif,auto_capture_20260702_133311/images/view_0149_target_02.tif,True,True,True,True
auto_capture_20260702_133311,150,3,00;01;02,auto_capture_20260702_133311/images/view_0150_target_00.tif,auto_capture_20260702_133311/images/view_0150_target_01.tif,auto_capture_20260702_133311/images/view_0150_target_02.tif,True,True,True,True
auto_capture_20260702_133311,151,3,00;01;02,auto_capture_20260702_133311/images/view_0151_target_00.tif,auto_capture_20260702_133311/images/view_0151_target_01.tif,auto_capture_20260702_133311/images/view_0151_target_02.tif,True,True,True,True
auto_capture_20260702_133311,152,3,00;01;02,auto_capture_20260702_133311/images/view_0152_target_00.tif,auto_capture_20260702_133311/images/view_0152_target_01.tif,auto_capture_20260702_133311/images/view_0152_target_02.tif,True,True,True,True
auto_capture_20260702_133311,153,3,00;01;02,auto_capture_20260702_133311/images/view_0153_target_00.tif,auto_capture_20260702_133311/images/view_0153_target_01.tif,auto_capture_20260702_133311/images/view_0153_target_02.tif,True,True,True,True
auto_capture_20260702_173319,0,3,00;01;02,auto_capture_20260702_173319/images/view_0000_target_00.tif,auto_capture_20260702_173319/images/view_0000_target_01.tif,auto_capture_20260702_173319/images/view_0000_target_02.tif,True,True,True,True
auto_capture_20260702_173319,1,3,00;01;02,auto_capture_20260702_173319/images/view_0001_target_00.tif,auto_capture_20260702_173319/images/view_0001_target_01.tif,auto_capture_20260702_173319/images/view_0001_target_02.tif,True,True,True,True
auto_capture_20260702_173319,2,3,00;01;02,auto_capture_20260702_173319/images/view_0002_target_00.tif,auto_capture_20260702_173319/images/view_0002_target_01.tif,auto_capture_20260702_173319/images/view_0002_target_02.tif,True,True,True,True
auto_capture_20260702_173319,3,3,00;01;02,auto_capture_20260702_173319/images/view_0003_target_00.tif,auto_capture_20260702_173319/images/view_0003_target_01.tif,auto_capture_20260702_173319/images/view_0003_target_02.tif,True,True,True,True
auto_capture_20260702_173319,4,3,00;01;02,auto_capture_20260702_173319/images/view_0004_target_00.tif,auto_capture_20260702_173319/images/view_0004_target_01.tif,auto_capture_20260702_173319/images/view_0004_target_02.tif,True,True,True,True
auto_capture_20260702_173319,5,3,00;01;02,auto_capture_20260702_173319/images/view_0005_target_00.tif,auto_capture_20260702_173319/images/view_0005_target_01.tif,auto_capture_20260702_173319/images/view_0005_target_02.tif,True,True,True,True
auto_capture_20260702_173319,6,3,00;01;02,auto_capture_20260702_173319/images/view_0006_target_00.tif,auto_capture_20260702_173319/images/view_0006_target_01.tif,auto_capture_20260702_173319/images/view_0006_target_02.tif,True,True,True,True
auto_capture_20260702_173319,7,3,00;01;02,auto_capture_20260702_173319/images/view_0007_target_00.tif,auto_capture_20260702_173319/images/view_0007_target_01.tif,auto_capture_20260702_173319/images/view_0007_target_02.tif,True,True,True,True
auto_capture_20260702_173319,8,3,00;01;02,auto_capture_20260702_173319/images/view_0008_target_00.tif,auto_capture_20260702_173319/images/view_0008_target_01.tif,auto_capture_20260702_173319/images/view_0008_target_02.tif,True,True,True,True
auto_capture_20260702_173319,9,3,00;01;02,auto_capture_20260702_173319/images/view_0009_target_00.tif,auto_capture_20260702_173319/images/view_0009_target_01.tif,auto_capture_20260702_173319/images/view_0009_target_02.tif,True,True,True,True
auto_capture_20260702_173319,10,3,00;01;02,auto_capture_20260702_173319/images/view_0010_target_00.tif,auto_capture_20260702_173319/images/view_0010_target_01.tif,auto_capture_20260702_173319/images/view_0010_target_02.tif,True,True,True,True
auto_capture_20260702_173319,11,3,00;01;02,auto_capture_20260702_173319/images/view_0011_target_00.tif,auto_capture_20260702_173319/images/view_0011_target_01.tif,auto_capture_20260702_173319/images/view_0011_target_02.tif,True,True,True,True
auto_capture_20260702_173319,12,3,00;01;02,auto_capture_20260702_173319/images/view_0012_target_00.tif,auto_capture_20260702_173319/images/view_0012_target_01.tif,auto_capture_20260702_173319/images/view_0012_target_02.tif,True,True,True,True
auto_capture_20260702_173319,13,3,00;01;02,auto_capture_20260702_173319/images/view_0013_target_00.tif,auto_capture_20260702_173319/images/view_0013_target_01.tif,auto_capture_20260702_173319/images/view_0013_target_02.tif,True,True,True,True
auto_capture_20260702_173319,14,3,00;01;02,auto_capture_20260702_173319/images/view_0014_target_00.tif,auto_capture_20260702_173319/images/view_0014_target_01.tif,auto_capture_20260702_173319/images/view_0014_target_02.tif,True,True,True,True
auto_capture_20260702_173319,15,3,00;01;02,auto_capture_20260702_173319/images/view_0015_target_00.tif,auto_capture_20260702_173319/images/view_0015_target_01.tif,auto_capture_20260702_173319/images/view_0015_target_02.tif,True,True,True,True
auto_capture_20260702_173319,16,3,00;01;02,auto_capture_20260702_173319/images/view_0016_target_00.tif,auto_capture_20260702_173319/images/view_0016_target_01.tif,auto_capture_20260702_173319/images/view_0016_target_02.tif,True,True,True,True
auto_capture_20260702_173319,17,3,00;01;02,auto_capture_20260702_173319/images/view_0017_target_00.tif,auto_capture_20260702_173319/images/view_0017_target_01.tif,auto_capture_20260702_173319/images/view_0017_target_02.tif,True,True,True,True
auto_capture_20260702_173319,18,3,00;01;02,auto_capture_20260702_173319/images/view_0018_target_00.tif,auto_capture_20260702_173319/images/view_0018_target_01.tif,auto_capture_20260702_173319/images/view_0018_target_02.tif,True,True,True,True
auto_capture_20260702_173319,19,3,00;01;02,auto_capture_20260702_173319/images/view_0019_target_00.tif,auto_capture_20260702_173319/images/view_0019_target_01.tif,auto_capture_20260702_173319/images/view_0019_target_02.tif,True,True,True,True
auto_capture_20260702_173319,20,3,00;01;02,auto_capture_20260702_173319/images/view_0020_target_00.tif,auto_capture_20260702_173319/images/view_0020_target_01.tif,auto_capture_20260702_173319/images/view_0020_target_02.tif,True,True,True,True
auto_capture_20260702_173319,21,3,00;01;02,auto_capture_20260702_173319/images/view_0021_target_00.tif,auto_capture_20260702_173319/images/view_0021_target_01.tif,auto_capture_20260702_173319/images/view_0021_target_02.tif,True,True,True,True
auto_capture_20260702_173319,22,3,00;01;02,auto_capture_20260702_173319/images/view_0022_target_00.tif,auto_capture_20260702_173319/images/view_0022_target_01.tif,auto_capture_20260702_173319/images/view_0022_target_02.tif,True,True,True,True
auto_capture_20260702_173319,23,3,00;01;02,auto_capture_20260702_173319/images/view_0023_target_00.tif,auto_capture_20260702_173319/images/view_0023_target_01.tif,auto_capture_20260702_173319/images/view_0023_target_02.tif,True,True,True,True
auto_capture_20260702_173319,24,3,00;01;02,auto_capture_20260702_173319/images/view_0024_target_00.tif,auto_capture_20260702_173319/images/view_0024_target_01.tif,auto_capture_20260702_173319/images/view_0024_target_02.tif,True,True,True,True
auto_capture_20260702_173319,25,3,00;01;02,auto_capture_20260702_173319/images/view_0025_target_00.tif,auto_capture_20260702_173319/images/view_0025_target_01.tif,auto_capture_20260702_173319/images/view_0025_target_02.tif,True,True,True,True
auto_capture_20260702_173319,26,3,00;01;02,auto_capture_20260702_173319/images/view_0026_target_00.tif,auto_capture_20260702_173319/images/view_0026_target_01.tif,auto_capture_20260702_173319/images/view_0026_target_02.tif,True,True,True,True
auto_capture_20260702_173319,27,3,00;01;02,auto_capture_20260702_173319/images/view_0027_target_00.tif,auto_capture_20260702_173319/images/view_0027_target_01.tif,auto_capture_20260702_173319/images/view_0027_target_02.tif,True,True,True,True
auto_capture_20260702_173319,28,3,00;01;02,auto_capture_20260702_173319/images/view_0028_target_00.tif,auto_capture_20260702_173319/images/view_0028_target_01.tif,auto_capture_20260702_173319/images/view_0028_target_02.tif,True,True,True,True
auto_capture_20260702_173319,29,3,00;01;02,auto_capture_20260702_173319/images/view_0029_target_00.tif,auto_capture_20260702_173319/images/view_0029_target_01.tif,auto_capture_20260702_173319/images/view_0029_target_02.tif,True,True,True,True
auto_capture_20260702_173319,30,3,00;01;02,auto_capture_20260702_173319/images/view_0030_target_00.tif,auto_capture_20260702_173319/images/view_0030_target_01.tif,auto_capture_20260702_173319/images/view_0030_target_02.tif,True,True,True,True
auto_capture_20260702_173319,31,3,00;01;02,auto_capture_20260702_173319/images/view_0031_target_00.tif,auto_capture_20260702_173319/images/view_0031_target_01.tif,auto_capture_20260702_173319/images/view_0031_target_02.tif,True,True,True,True
auto_capture_20260702_173319,32,3,00;01;02,auto_capture_20260702_173319/images/view_0032_target_00.tif,auto_capture_20260702_173319/images/view_0032_target_01.tif,auto_capture_20260702_173319/images/view_0032_target_02.tif,True,True,True,True
auto_capture_20260702_173319,33,3,00;01;02,auto_capture_20260702_173319/images/view_0033_target_00.tif,auto_capture_20260702_173319/images/view_0033_target_01.tif,auto_capture_20260702_173319/images/view_0033_target_02.tif,True,True,True,True
auto_capture_20260702_173319,34,3,00;01;02,auto_capture_20260702_173319/images/view_0034_target_00.tif,auto_capture_20260702_173319/images/view_0034_target_01.tif,auto_capture_20260702_173319/images/view_0034_target_02.tif,True,True,True,True
auto_capture_20260702_173319,35,3,00;01;02,auto_capture_20260702_173319/images/view_0035_target_00.tif,auto_capture_20260702_173319/images/view_0035_target_01.tif,auto_capture_20260702_173319/images/view_0035_target_02.tif,True,True,True,True
auto_capture_20260702_173319,36,3,00;01;02,auto_capture_20260702_173319/images/view_0036_target_00.tif,auto_capture_20260702_173319/images/view_0036_target_01.tif,auto_capture_20260702_173319/images/view_0036_target_02.tif,True,True,True,True
auto_capture_20260702_173319,37,3,00;01;02,auto_capture_20260702_173319/images/view_0037_target_00.tif,auto_capture_20260702_173319/images/view_0037_target_01.tif,auto_capture_20260702_173319/images/view_0037_target_02.tif,True,True,True,True
auto_capture_20260702_173319,38,3,00;01;02,auto_capture_20260702_173319/images/view_0038_target_00.tif,auto_capture_20260702_173319/images/view_0038_target_01.tif,auto_capture_20260702_173319/images/view_0038_target_02.tif,True,True,True,True
auto_capture_20260702_173319,39,3,00;01;02,auto_capture_20260702_173319/images/view_0039_target_00.tif,auto_capture_20260702_173319/images/view_0039_target_01.tif,auto_capture_20260702_173319/images/view_0039_target_02.tif,True,True,True,True
auto_capture_20260702_173319,40,3,00;01;02,auto_capture_20260702_173319/images/view_0040_target_00.tif,auto_capture_20260702_173319/images/view_0040_target_01.tif,auto_capture_20260702_173319/images/view_0040_target_02.tif,True,True,True,True
auto_capture_20260702_173319,41,3,00;01;02,auto_capture_20260702_173319/images/view_0041_target_00.tif,auto_capture_20260702_173319/images/view_0041_target_01.tif,auto_capture_20260702_173319/images/view_0041_target_02.tif,True,True,True,True
auto_capture_20260702_173319,42,3,00;01;02,auto_capture_20260702_173319/images/view_0042_target_00.tif,auto_capture_20260702_173319/images/view_0042_target_01.tif,auto_capture_20260702_173319/images/view_0042_target_02.tif,True,True,True,True
auto_capture_20260702_173319,43,3,00;01;02,auto_capture_20260702_173319/images/view_0043_target_00.tif,auto_capture_20260702_173319/images/view_0043_target_01.tif,auto_capture_20260702_173319/images/view_0043_target_02.tif,True,True,True,True
